occupation,count,share
무직,367349,0.367349
건물 청소원,18253,0.018253
건물 경비원,17473,0.017473
경리 사무원,16146,0.016146
사무 보조원,13630,0.01363
전화 상담원,11211,0.011210999999999999
시설 경비원,10897,0.010896999999999999
일반 비서,10895,0.010895
하역 및 적재 관련 단순 종사원,9160,0.00916
한식 조리사,8566,0.008565999999999999
그 외 일반 영업원,8199,0.008199
주방 보조원,7542,0.007541999999999999
지게차 운전원,7382,0.007382
회계 사무원,7250,0.0072499999999999995
마케팅 전문가,7226,0.007226
산업 안전원,6607,0.006607
교육 및 훈련 사무원,6138,0.006137999999999999
그 외 서비스 관련 단순 종사원,5947,0.005947
경영 기획 사무원,5940,0.00594
그 외 상점 판매원,5702,0.005702
보육교사,5529,0.005529
음식 서비스 종사원,5332,0.005332
철도운송 관련 종사원,5259,0.005259
온라인 쇼핑 판매원,4998,0.004998
그 외 법률 관련 사무원,4700,0.0047
소규모 상점 경영자,4694,0.004693999999999999
그 외 기능 관련 종사원,4618,0.004618
유치원 교사,4550,0.00455
노점 및 이동 판매원,4501,0.004501
경·소형 화물차 운전원,4401,0.0044009999999999995
기업 고위 임원,4326,0.004326
승용차 및 승합차 운전원,4113,0.0041129999999999995
경영 컨설턴트,3853,0.0038529999999999997
생산관리 사무원,3745,0.0037449999999999996
그 외 하역 및 적재 단순 종사원,3657,0.0036569999999999997
자재 관리 사무원,3605,0.0036049999999999997
영업 관리 사무원,3509,0.003509
관리 비서,3466,0.003466
조사 전문가,3387,0.003387
품질 관리 사무원,3342,0.003342
국가행정 사무원,3261,0.003261
전기 용접원,3236,0.0032359999999999997
식품 영업원,2999,0.002999
범용 소프트웨어 프로그래머,2929,0.0029289999999999997
지방행정 사무원,2882,0.002882
상담 전문가,2786,0.002786
상품 기획자,2732,0.002732
공공행정 사무원,2679,0.002679
총무 사무원,2656,0.002656
음료 서비스 종사원,2572,0.002572
건물 내 전기 설치 및 정비원,2548,0.002548
그 외 돌봄 및 보건 서비스 종사원,2538,0.002538
일반 간호사,2483,0.002483
일식 조리사,2429,0.0024289999999999997
학습지 방문강사,2389,0.002389
금형원,2344,0.0023439999999999997
단말기 및 통신 서비스 판매원,2268,0.002268
간호조무사,2261,0.002261
그 외 물품 이동 장비 조작원,2202,0.002202
건설 단순 종사원,2171,0.0021709999999999998
강구조물 건립원,2154,0.002154
중식 조리사,2112,0.0021119999999999997
정보 시스템 운영자,2097,0.002097
병무행정 사무원,2035,0.002035
출판 및 자료편집 사무원,2010,0.00201
광고 전문가,1985,0.001985
그 외 택배원,1984,0.001984
상·하수 배관공,1968,0.0019679999999999997
우편집배원,1915,0.0019149999999999998
육군 부사관,1915,0.0019149999999999998
관세행정 사무원,1911,0.001911
가사 도우미,1909,0.0019089999999999999
노인 및 장애인 돌봄 서비스 종사원,1906,0.001906
보육 관련 시설 서비스 종사원,1863,0.0018629999999999999
데이터 분석가,1817,0.0018169999999999998
수동 포장원,1779,0.001779
텔레마케터,1736,0.001736
전기 감리 기술자 및 연구원,1699,0.001699
운송장비 청소원,1691,0.001691
119 구조대원,1661,0.001661
그 외 기획 및 마케팅 사무원,1635,0.001635
사회복지사,1634,0.0016339999999999998
플랜트공학 기술자 및 연구원,1569,0.0015689999999999999
그 외 조리사,1565,0.001565
그 외 전기·전자기기 설치 및 수리원,1517,0.001517
조세행정 사무원,1500,0.0015
바텐더,1485,0.001485
인사 및 노무 사무원,1478,0.001478
통계 사무원,1474,0.0014739999999999998
육군 장교,1461,0.0014609999999999998
대형 화물차 운전원,1451,0.001451
법무 사무원,1442,0.001442
화장품 판매원,1407,0.0014069999999999998
용접기 조작원,1406,0.001406
그 외 기계 조작원,1356,0.001356
치과위생사,1355,0.0013549999999999999
시내버스 운전원,1335,0.001335
특허 사무원,1324,0.0013239999999999999
영업 관련 관리자,1316,0.001316
산업용로봇 조작원,1308,0.001308
냉난방·공조공학 기술자 및 연구원,1290,0.00129
요양 보호사,1287,0.001287
그 외 기계공학 기술자 및 연구원,1251,0.001251
그 외 제품 디자이너,1213,0.0012129999999999999
정보 보안 전문가,1212,0.001212
철도운송 사무원,1205,0.001205
통신장비 기사,1200,0.0012
그 외 금융 사무원,1198,0.0011979999999999998
변호사,1197,0.001197
그 외 제조 관련 단순 종사원,1192,0.001192
위험 관리원,1179,0.001179
그 외 자동차 운전원,1176,0.001176
농업 단순 종사원,1173,0.001173
주차 관리원,1163,0.001163
매장 정리원,1157,0.001157
자동 조립라인 조작원,1151,0.001151
중형 화물차 운전원,1146,0.0011459999999999999
일반 경찰관 및 수사관,1124,0.001124
해외 영업원,1117,0.001117
가스 배관공,1110,0.0011099999999999999
전자제품 개발 기술자 및 연구원,1108,0.001108
그 외 전기공학 기술자 및 연구원,1090,0.00109
공공행정 전문가,1073,0.001073
철도교통 관제사,1059,0.001059
농수산물 중개인 및 경매사,1057,0.001057
판금원,1045,0.001045
예약 및 접수 사무원,1043,0.0010429999999999999
철로 설치원,1039,0.001039
데이터 설계 및 프로그래머,1033,0.0010329999999999998
산불 감시원,995,0.000995
냉난방기 관련 설비 조작원,994,0.0009939999999999999
프레스기 및 절단기 조작원,990,0.00099
가스 점검원,984,0.0009839999999999998
그 외 음식 서비스 종사원,970,0.0009699999999999999
검표원,969,0.0009689999999999999
토목 제도사,964,0.0009639999999999999
도로운송 사무원,955,0.0009549999999999999
회계사,949,0.000949
고속철 기관사,947,0.0009469999999999999
웹 운영자,936,0.000936
모바일 애플리케이션 프로그래머,928,0.000928
양식 조리사,926,0.000926
철도 기관사,872,0.0008719999999999999
방문 고객 상담원,851,0.000851
컴퓨터 설치 및 수리원,850,0.00085
택배원,848,0.000848
전문 간호사,843,0.000843
보험 사무원,823,0.000823
약사,810,0.00081
데이터 관리 및 운영자,809,0.0008089999999999999
휠체어 리프트 설치 및 정비원,808,0.000808
그 외 철도 및 전동차 기관사,808,0.000808
배전반 조작원,807,0.000807
기업 대표이사,799,0.000799
의류 판매원,790,0.00079
관광버스 운전원,787,0.0007869999999999999
석유화학 기술자 및 연구원,782,0.0007819999999999999
행사 및 홍보 도우미,778,0.0007779999999999999
웹 프로그래머,778,0.0007779999999999999
음식료품 판매원,776,0.000776
대출 모집인,776,0.000776
시스템 소프트웨어 설계 및 분석가,770,0.00077
그 외 화물차 및 특수차 운전원,766,0.000766
소규모 상점 일선 관리 종사원,760,0.0007599999999999999
여행 사무원,759,0.000759
"전직 건물 경비원, 현재 구직중",758,0.000758
출납 창구 사무원,753,0.000753
그 외 교육 전문가,753,0.000753
정육가공원,753,0.000753
그 외 배달원,742,0.0007419999999999999
"전직 건물 청소원, 현재 구직중",732,0.000732
전동차 기관사,723,0.000723
부동산 중개사,714,0.000714
그 외 판매 관련 단순 종사원,702,0.0007019999999999999
머시닝센터 조작원,701,0.000701
자동차공학 기술자 및 연구원,700,0.0007
그 외 건설·전기 및 생산 관련 관리자,698,0.0006979999999999999
그 외 화학제품 생산기 조작원,698,0.0006979999999999999
음식 배달원,689,0.0006889999999999999
금속 세척기 조작원,685,0.000685
부동산 감정 전문가,680,0.0006799999999999999
크레인 운전원,674,0.000674
간병인,662,0.0006619999999999999
금속공학 기술자 및 연구원,661,0.000661
청소년 지도사,655,0.000655
금속제품 도장기 조작원,651,0.000651
그 외 건축 마감 관련 기능 종사원,647,0.000647
그 외 시설 및 특수 경비원,642,0.000642
실업 교사,636,0.000636
네트워크 시스템 개발자,629,0.000629
"전직 경리 사무원, 현재 구직중",626,0.0006259999999999999
입학 사정관,622,0.0006219999999999999
소방시설 공사 기술자 및 연구원,621,0.000621
가스 용접원,620,0.00062
로봇공학 기술자 및 연구원,618,0.000618
커피 조리사,610,0.00061
미디어 콘텐츠 창작자,608,0.0006079999999999999
매장 계산원,607,0.000607
데스크 안내원,600,0.0006
농업용 기계장비 기술 영업원,600,0.0006
그 외 기계장비 설치 및 정비원,599,0.0005989999999999999
판매 사무원,599,0.0005989999999999999
총무 및 인사 관리자,595,0.0005949999999999999
엘리베이터 설치 및 정비원,595,0.0005949999999999999
반도체공학 기술자 및 연구원,586,0.0005859999999999999
화학물 가열 처리 장치 조작원,585,0.000585
그 외 의복 제조 관련 기능 종사원,575,0.000575
자동차 부품 기술 영업원,575,0.000575
보험 중개인,574,0.000574
농약·비료 기술자 및 연구원,570,0.00057
그 외 금속·재료 공학 기술자 및 연구원,566,0.000566
제품 단순 선별원,563,0.000563
화학물 증류기 및 반응기 조작원,560,0.00056
가죽 및 모피 가공원,559,0.0005589999999999999
시외 및 고속 버스 운전원,558,0.000558
자동 재봉설비 조작원,558,0.000558
교사 교육 보조원,557,0.000557
그 외 경호 및 보안 관련 종사원,550,0.0005499999999999999
투자 권유 대행인,540,0.00054
전산 자료 입력원,540,0.00054
그 외 산업 안전 및 위험 관리원,539,0.000539
산업 특화 소프트웨어 프로그래머,539,0.000539
그 외 바닥재 시공원,536,0.000536
그 외 냉동·냉장·공조기 설치 및 정비원,533,0.0005329999999999999
건축 제도사,531,0.000531
금속 열처리로 조작원,528,0.0005279999999999999
광고 및 홍보 사무원,525,0.000525
육군 병사,523,0.000523
인조석 설치원,521,0.000521
시스템 소프트웨어 프로그래머,517,0.000517
육아 도우미,513,0.000513
인쇄 관련 기능 종사원,512,0.000512
초등학교 교사,510,0.0005099999999999999
"전직 사무 보조원, 현재 구직중",507,0.000507
그 외 금속가공 기계 조작원,506,0.0005059999999999999
건물 전기 및 전자설비 조작원,499,0.000499
무역 사무원,498,0.000498
제빵사 및 제과원,491,0.000491
마케팅 관리자,487,0.00048699999999999997
시각장애인 특수교육 교사,485,0.00048499999999999997
화학 연구원,483,0.000483
택시 운전원,483,0.000483
호송 경비원,482,0.00048199999999999995
주입·포장 및 봉함기 조작원,480,0.00047999999999999996
재무 관리자,479,0.000479
그 외 고객 상담 사무원,479,0.000479
그 외 용접원,478,0.00047799999999999996
전기제어장치 설치 및 정비원,476,0.00047599999999999997
화학물 여과기 및 분리기 조작원,476,0.00047599999999999997
컴퓨터 시스템 설계 및 분석가,473,0.000473
구급 요원,470,0.00047
그 외 공업기계 설치 및 정비원,466,0.000466
특수 경비원,459,0.000459
선반기 조작원,451,0.00045099999999999996
대리 주차원,447,0.00044699999999999997
이삿짐 운반원,444,0.000444
보험 설계사,444,0.000444
중고차 영업원,443,0.000443
공연·영화 및 음반 기획자,440,0.00043999999999999996
"전직 경영 기획 사무원, 현재 구직중",439,0.000439
기계 경비원,438,0.00043799999999999997
토목 관련 관리자,438,0.00043799999999999997
"전직 일반 비서, 현재 구직중",431,0.00043099999999999996
교통 계획 및 설계가,429,0.00042899999999999997
공학·제조 및 건설 분야 교수,427,0.00042699999999999997
"전직 시설 경비원, 현재 구직중",424,0.000424
제관원,424,0.000424
건축감리 기술자,422,0.00042199999999999996
변리사,419,0.000419
쓰레기 수거원,419,0.000419
주류 서비스 종사원,418,0.00041799999999999997
그 외 운송장비 조립원,418,0.00041799999999999997
"전직 전화 상담원, 현재 구직중",415,0.000415
잠수 기능원,412,0.000412
그 외 미용 관련 서비스 종사원,410,0.00041
언어재활사,406,0.000406
식품공학 기술자 및 연구원,405,0.000405
"전직 하역 및 적재 관련 단순 종사원, 현재 구직중",402,0.00040199999999999996
웨딩플래너,401,0.000401
방수공,400,0.00039999999999999996
그 외 환경미화원 및 재활용품 수거원,398,0.00039799999999999997
농약 및 비료 시험원,388,0.000388
체인점 모집 및 관리 영업원,386,0.000386
신차 영업원,385,0.000385
소방설계 기술자 및 연구원,384,0.000384
아파트 경비원,384,0.000384
수의사,382,0.00038199999999999996
산후조리 종사원,379,0.000379
음료 배달원,379,0.000379
사진가,378,0.00037799999999999997
철도 고가 전선 가설원,376,0.000376
"전직 보육교사, 현재 구직중",375,0.000375
게임 프로그래머,374,0.000374
신용카드 모집인,372,0.000372
사회 교사,370,0.00037
금형공학 기술자 및 연구원,370,0.00037
자동 재단기 조작원,369,0.00036899999999999997
일반영양사,367,0.000367
분식 조리사,367,0.000367
품질 인증 심사 전문가,366,0.000366
기계 제도사,366,0.000366
금속절곡기 조작원,366,0.000366
판매 관련 관리자,360,0.00035999999999999997
섬유 공정 개발 기술자 및 연구원,360,0.00035999999999999997
렌즈 및 프리즘 가공기 조작원,358,0.000358
그 외 정보 통신기기 설치 및 수리원,358,0.000358
교도관,357,0.000357
플랜트 배관공,353,0.00035299999999999996
"전직 한식 조리사, 현재 구직중",352,0.000352
자동차 경정비원,351,0.00035099999999999997
그 외 화학공학 기술자 및 연구원,351,0.00035099999999999997
보안 관제원,351,0.00035099999999999997
컴퓨터 소프트웨어 개발 관리자,348,0.000348
일반 의사,348,0.000348
전기 관련 관리자,347,0.000347
금속기계 부품 조립원,345,0.000345
패스트푸드 준비원,345,0.000345
무대 및 세트 디자이너,345,0.000345
"전직 주방 보조원, 현재 구직중",344,0.00034399999999999996
그 외 버스 운전원,343,0.000343
그 외 건축 도장공,340,0.00033999999999999997
내과 전문 의사,339,0.000339
"전직 회계 사무원, 현재 구직중",337,0.000337
방송장비 설치 및 수리원,336,0.000336
공군 부사관,334,0.000334
의무 기록사,334,0.000334
의상 디자이너,332,0.000332
국어 교사,331,0.00033099999999999997
유통 및 매장 감시원,331,0.00033099999999999997
고무·플라스틱 기술자 및 연구원,330,0.00033
그 외 중·고등학교 교사,329,0.000329
외국어 교사,322,0.00032199999999999997
법무사,322,0.00032199999999999997
가스 생산기 조작원,319,0.000319
화학기계 설치 및 정비원,319,0.000319
설탕 제조 관련 기계 조작원,318,0.000318
염색기 조작원,318,0.000318
전자 부품 제조 기계 조작원,316,0.000316
발전설비 기술자 및 연구원,315,0.00031499999999999996
재활용품 수거원,314,0.000314
정보 통신 컨설턴트,310,0.00031
통신기기 기술자 및 연구원,310,0.00031
수금원,308,0.000308
그 외 건설 관련 기능 종사원,304,0.00030399999999999996
건물 칸막이 설치원,303,0.000303
화학 시험원,301,0.000301
수학 교사,301,0.000301
새시 조립 및 설치원,299,0.000299
그 외 전기·전자 부품 및 제품 조립원,297,0.000297
장학관 및 장학사,295,0.00029499999999999996
용융 도금기 조작원,294,0.000294
식품학 연구원,293,0.00029299999999999997
사무용 전자기기 설치 및 수리원,293,0.00029299999999999997
철근공,292,0.000292
그 외 상품 중개인 및 경매사,289,0.000289
폐기물 처리 기술자 및 연구원,287,0.000287
그 외 건물 관리원,286,0.000286
산업용 기계장비 기술 영업원,283,0.000283
예체능 교사,282,0.00028199999999999997
"전직 산업 안전원, 현재 구직중",281,0.000281
방송 송출 장비 기사,281,0.000281
상표 부착기 조작원,280,0.00028
전기장비 조립원,280,0.00028
가전제품 설치 및 수리원,277,0.000277
그 외 금속 공작 기계 조작원,276,0.000276
건축시공 기술자,276,0.000276
골프장 캐디,275,0.00027499999999999996
치과 일반 의사,275,0.00027499999999999996
직업상담사,273,0.00027299999999999997
그 외 음료 조리사,273,0.00027299999999999997
호텔 서비스원,269,0.000269
부동산 컨설턴트,267,0.000267
청원경찰,267,0.000267
과학 교사,267,0.000267
건축 관련 관리자,267,0.000267
섬유 소재 개발 기술자 및 연구원,266,0.000266
"전직 그 외 서비스 관련 단순 종사원, 현재 구직중",266,0.000266
판금기 조작원,264,0.00026399999999999997
양복 제조원,263,0.000263
그 외 피부 및 체형 관리 종사원,263,0.000263
해양 경찰관 및 수사관,263,0.000263
"전직 마케팅 전문가, 현재 구직중",262,0.00026199999999999997
그 외 타이어 및 고무제품 생산기 조작원,262,0.00026199999999999997
가전제품 판매원,261,0.000261
건물용 냉동·냉장·공조기 설치 및 정비원,261,0.000261
"전직 노점 및 이동 판매원, 현재 구직중",260,0.00026
공군 장교,257,0.000257
그 외 화학물 가공 장치 조작원,257,0.000257
토목시공 기술자,257,0.000257
기획 관리자,256,0.000256
신발 및 액세서리 판매원,256,0.000256
교통안전 연구원,255,0.00025499999999999996
전자계측 제어 기술자 및 연구원,254,0.000254
"전직 지게차 운전원, 현재 구직중",253,0.00025299999999999997
"전직 그 외 일반 영업원, 현재 구직중",253,0.00025299999999999997
조명기사,252,0.000252
플랜트 전기 설치원,252,0.000252
건물 도장공,250,0.00025
어업 단순 종사원,250,0.00025
측량 및 지리 정보 기술자,249,0.000249
그 외 특수교육 교사,249,0.000249
미술관·박물관 해설 및 안내원,248,0.000248
그 외 교사,247,0.000247
밑반찬 제조 종사원,245,0.000245
건축설비 기술자,245,0.000245
컴퓨터 시스템 감리 전문가,245,0.000245
단열공,244,0.000244
차량 도장기 조작원,243,0.000243
내장 목공,243,0.000243
금융 관리자,243,0.000243
세무사,242,0.000242
건축안전 기술자,241,0.00024099999999999998
"전직 그 외 상점 판매원, 현재 구직중",241,0.00024099999999999998
강구조물 가공원,241,0.00024099999999999998
그 외 도시 및 교통 관련 전문가,240,0.00023999999999999998
네트워크 프로그래머,240,0.00023999999999999998
"전직 음식 서비스 종사원, 현재 구직중",240,0.00023999999999999998
유리 관련 기능 종사원,239,0.00023899999999999998
원예작물 판매원,237,0.000237
사서,236,0.000236
그 외 스포츠 및 레크리에이션 관련 전문가,236,0.000236
전기 안전 기술자 및 연구원,236,0.000236
안과 및 이비인후과 전문 의사,236,0.000236
환경 검사원,235,0.000235
시민 단체 활동가,235,0.000235
장례 지도사,234,0.000234
간판 제작 및 설치원,234,0.000234
그 외 발전 및 배전장치 조작원,234,0.000234
전기계측 제어 기술자 및 연구원,233,0.000233
의복 수선원,232,0.000232
농학 연구원,232,0.000232
그 외 공학 관련 기술자 및 시험원,231,0.00023099999999999998
그 외 인사 및 노사 관련 전문가,230,0.00022999999999999998
"전직 생산관리 사무원, 현재 구직중",230,0.00022999999999999998
그 외 자동차 부품 조립원,229,0.00022899999999999998
산업기계공학 기술자 및 연구원,229,0.00022899999999999998
그 외 경영 지원 관리자,228,0.00022799999999999999
콘크리트패널 조립원,226,0.000226
가구 판매원,226,0.000226
그 외 전자공학 기술자 및 연구원,223,0.000223
스포츠 감독,223,0.000223
"전직 유치원 교사, 현재 구직중",220,0.00021999999999999998
그 외 컴퓨터 시스템 및 소프트웨어 전문가,220,0.00021999999999999998
선박교통 관제사,219,0.00021899999999999998
그 외 데이터 및 네트워크 관련 전문가,218,0.00021799999999999999
육류가공 기계 조작원,217,0.000217
화학제품 생산 관리자,214,0.000214
영상·전자음향기기 설치 및 수리원,214,0.000214
"전직 온라인 쇼핑 판매원, 현재 구직중",213,0.000213
그 외 제도사,213,0.000213
출판물 편집자,212,0.000212
"전직 학습지 방문강사, 현재 구직중",212,0.000212
손톱 관리사,212,0.000212
홍보 전문가,210,0.00020999999999999998
자동차 엔진 조립원,210,0.00020999999999999998
물리치료사,209,0.00020899999999999998
가스·에너지 기술자 및 연구원,209,0.00020899999999999998
계기 검침원,209,0.00020899999999999998
그 외 직물·신발 관련 기계 조작원 및 조립원,209,0.00020899999999999998
리프트 조작원,207,0.000207
웹 기획자,206,0.000206
기지국 설치 및 수리원,206,0.000206
금속코팅·광택 및 래미네이팅기 조작원,206,0.000206
공작기계 설치 및 정비원,206,0.000206
도자기제품 생산기 조작원,206,0.000206
건축 석공,205,0.000205
체육 및 그 외 분야 교수,204,0.000204
그 외 시각 디자이너,204,0.000204
해군 부사관,204,0.000204
송배전설비 기술자 및 연구원,202,0.000202
통신장비 설치 및 수리원,202,0.000202
미용사,202,0.000202
그 외 청소원,202,0.000202
이동전화기 수리원,201,0.00020099999999999998
은행 사무원,200,0.00019999999999999998
통신망 운영 기술자 및 연구원,200,0.00019999999999999998
인쇄판 출력원,200,0.00019999999999999998
농업 시험원,200,0.00019999999999999998
전기제품 개발 기술자 및 연구원,200,0.00019999999999999998
김치 제조 종사원,199,0.00019899999999999999
"전직 일반 간호사, 현재 구직중",199,0.00019899999999999999
그 외 일반기계 조립원,197,0.000197
표백기 조작원,196,0.000196
에스컬레이터 설치 및 정비원,195,0.000195
연선기 조작원,195,0.000195
그 외 생명과학 시험원,195,0.000195
직물 패턴사,194,0.000194
통신기술 기술자 및 연구원,193,0.000193
자연과학·수학 및 통계학 교수,192,0.000192
연삭기 및 연마기 조작원,192,0.000192
석유 및 천연가스 정제 장치 조작원,192,0.000192
덤프트럭 운전원,192,0.000192
외장 목공,192,0.000192
"전직 그 외 기능 관련 종사원, 현재 구직중",192,0.000192
염색 조색 및 배합기 조작원,192,0.000192
게임 그래픽 디자이너,187,0.000187
방송 및 시나리오 작가,185,0.000185
번역가,185,0.000185
인사 컨설턴트,184,0.000184
해병대 부사관,183,0.000183
석재 부설원,183,0.000183
그 외 인쇄기 조작원,183,0.000183
그 외 도장기 조작원,182,0.00018199999999999998
연예인 매니저,182,0.00018199999999999998
금속공학 시험원,181,0.00018099999999999998
항타기 운전원,181,0.00018099999999999998
떡 제조원,180,0.00017999999999999998
밀링기 조작원,180,0.00017999999999999998
"전직 기업 고위 임원, 현재 구직중",180,0.00017999999999999998
"전직 자재 관리 사무원, 현재 구직중",177,0.000177
예술 및 인문학 교수,176,0.000176
화학물 분쇄기·마쇄기 및 혼합기 조작원,176,0.000176
구두 미화원,175,0.000175
"전직 그 외 하역 및 적재 단순 종사원, 현재 구직중",175,0.000175
교육 연구관 및 교육 연구사,175,0.000175
그 외 제분 및 도정 관련 기계 조작원,174,0.000174
기자,173,0.000173
"전직 품질 관리 사무원, 현재 구직중",173,0.000173
시멘트공학 기술자 및 연구원,172,0.00017199999999999998
건물용 보일러 설치 및 정비원,171,0.00017099999999999998
그 외 법률 전문가,170,0.00016999999999999999
전기기기 설치 및 정비원,169,0.000169
"전직 철도운송 관련 종사원, 현재 구직중",169,0.000169
호이스트 운전원,167,0.000167
염색 개발 공학 기술자 및 연구원,165,0.000165
압출기 조작원,165,0.000165
세탁원 및 다림질원,164,0.000164
임상영양사,163,0.000163
건축자재 영업원,162,0.00016199999999999998
스포츠 매니저,162,0.00016199999999999998
전자제품 제조 기계 조작원,162,0.00016199999999999998
"전직 경·소형 화물차 운전원, 현재 구직중",162,0.00016199999999999998
그 외 산업 전기 설치원,161,0.00016099999999999998
의료 서비스 상담 종사원,161,0.00016099999999999998
소각로 조작원,160,0.00015999999999999999
미장공,160,0.00015999999999999999
그 외 상하수도 처리 장치 조작원,160,0.00015999999999999999
"전직 식품 영업원, 현재 구직중",159,0.000159
그 외 마케팅 및 광고·홍보 관리자,159,0.000159
전기 및 전자 제품 생산 관리자,159,0.000159
보도블록 설치원,158,0.000158
그 외 금속 및 재료 공학 시험원,158,0.000158
금속 분무기 조작원,156,0.000156
광고 디자이너,154,0.000154
조미료 제분기 조작원,152,0.00015199999999999998
복지시설 생활 지도원,151,0.00015099999999999998
그 외 귀금속 및 보석 세공원,151,0.00015099999999999998
"전직 승용차 및 승합차 운전원, 현재 구직중",151,0.00015099999999999998
통역가,151,0.00015099999999999998
교육 분야 교수,150,0.00015
유원시설 및 테마파크 서비스원,150,0.00015
조경원,150,0.00015
조경감리 기술자,149,0.000149
거리 미화원,149,0.000149
유지 제조기 조작원,148,0.000148
재활용 처리 기계 조작원,148,0.000148
전시 및 시설 견학 안내원,148,0.000148
컴퓨터 하드웨어 기술자 및 연구원,148,0.000148
자동차 차체 부품 조립원,147,0.000147
경량 철골공,146,0.000146
그 외 정육가공 및 도축 관련 종사원,146,0.000146
수상운송 사무원,145,0.000145
기계공학 시험원,145,0.000145
전기제품 제조 기계 조작원,145,0.000145
"전직 총무 사무원, 현재 구직중",144,0.000144
서적·문구 및 음반 판매원,144,0.000144
위성방송 안테나 설치 및 수리원,144,0.000144
"전직 조사 전문가, 현재 구직중",144,0.000144
"전직 경영 컨설턴트, 현재 구직중",143,0.000143
"전직 영업 관리 사무원, 현재 구직중",143,0.000143
그 외 응용 소프트웨어 프로그래머,142,0.00014199999999999998
그 외 자동차 정비원,142,0.00014199999999999998
시장 및 여론 조사 관리자,142,0.00014199999999999998
그 외 미디어 콘텐츠 디자이너,142,0.00014199999999999998
분양 및 임대 사무원,142,0.00014199999999999998
콘크리트 타설원,140,0.00014
시계 및 카메라 수리원,140,0.00014
형틀 목공,140,0.00014
해군 장교,140,0.00014
광고 및 홍보 관리자,140,0.00014
"전직 국가행정 사무원, 현재 구직중",139,0.000139
전기 및 전자 장비 제도사,138,0.000138
전기 부품 제조 기계 조작원,138,0.000138
통신장비 기술자 및 연구원,138,0.000138
기계제품 생산 관리자,138,0.000138
직업 운동선수,137,0.000137
항공기·철도 차량 공학 기술자 및 연구원,137,0.000137
그 외 판매 및 고객 서비스 관리자,136,0.000136
치료사 보조원,136,0.000136
건물 해체원,136,0.000136
윤전인쇄기 조작원,135,0.000135
타일 부착원,135,0.000135
그 외 목재가공 관련 기계 조작원,134,0.000134
"전직 단말기 및 통신 서비스 판매원, 현재 구직중",134,0.000134
제관기 조작원,133,0.000133
목형원,133,0.000133
인쇄 필름 출력원,133,0.000133
기업 인수 및 합병 전문가,133,0.000133
방역원,132,0.00013199999999999998
그라비어인쇄기 조작원,131,0.00013099999999999999
그 외 플라스틱제품 생산기 조작원,131,0.00013099999999999999
조적공,131,0.00013099999999999999
사회과학·경영 및 법학 교수,130,0.00013
마루 설치원,130,0.00013
그 외 운송장비 정비원,130,0.00013
경호원,130,0.00013
플라스틱 사출기 조작원,130,0.00013
곡물 및 사료 제분기 조작원,129,0.000129
철로 보수원,128,0.000128
그 외 사회복지 관련 종사원,128,0.000128
"전직 지방행정 사무원, 현재 구직중",128,0.000128
"전직 관리 비서, 현재 구직중",127,0.000127
그 외 세탁 관련 기계 조작원,127,0.000127
유리 부착원,126,0.000126
드라이클리닝기 조작원,126,0.000126
전기 도금기 조작원,125,0.000125
국수 및 면류 제품 기계 조작원,125,0.000125
금속제품 생산 관리자,125,0.000125
그 외 제품 생산 관련 관리자,124,0.000124
치과기공사,124,0.000124
전통 건물 건축원,124,0.000124
감시카메라 설치 및 수리원,123,0.00012299999999999998
편직기 조작원,122,0.000122
발전터빈 조작원,122,0.000122
"전직 음료 서비스 종사원, 현재 구직중",122,0.000122
카지노 딜러,122,0.000122
"전직 간호조무사, 현재 구직중",121,0.000121
열차 객실 승무원,121,0.000121
"전직 전기 용접원, 현재 구직중",121,0.000121
비계공,121,0.000121
그 외 조경 관련 기술자,120,0.00011999999999999999
그 외 곡물가공 제품 기계 조작원,119,0.00011899999999999999
그 외 환경공학 기술자 및 연구원,119,0.00011899999999999999
정보 통신기술 분야 교수,119,0.00011899999999999999
스포츠 강사 및 트레이너,118,0.000118
대리석 부착원,118,0.000118
가정용 전기 및 전자제품 조립원,117,0.000117
고무제품 생산기 조작원,117,0.000117
그 외 목재 및 종이 관련 기계 조작원,117,0.000117
보험 관리자,116,0.000116
청각장애인 특수교육 교사,116,0.000116
주조기 조작원,115,0.00011499999999999999
유치원 원장,115,0.00011499999999999999
건축구조 기술자,115,0.00011499999999999999
그 외 물품 이동 장비 설치 및 정비원,114,0.00011399999999999999
굴삭기 및 불도저 운전원,113,0.000113
"전직 건설 단순 종사원, 현재 구직중",113,0.000113
도배공,112,0.000112
육상운송 관련 관리자,111,0.000111
신용 추심원,111,0.000111
섬유공학 시험원,111,0.000111
그 외 석유 및 화학물 가공 장치 조작원,110,0.00010999999999999999
감사 사무원,110,0.00010999999999999999
"전직 건물 내 전기 설치 및 정비원, 현재 구직중",110,0.00010999999999999999
도정기 조작원,110,0.00010999999999999999
펄프 제조 장치 조작원,109,0.00010899999999999999
"전직 상품 기획자, 현재 구직중",109,0.00010899999999999999
전자 의료기기 개발 기술자 및 연구원,109,0.00010899999999999999
비행기 조종사,108,0.000108
냉동 및 냉장기 설비 조작원,108,0.000108
일반 한의사,108,0.000108
도축원,107,0.000107
입장권 판매원,106,0.000106
금속 주입원,105,0.00010499999999999999
사진작가,105,0.00010499999999999999
가스 및 에너지 시험원,105,0.00010499999999999999
가구 수리원,105,0.00010499999999999999
보건 위생 검사원,104,0.000104
대여 제품 방문 점검원,104,0.000104
소방관,103,0.000103
방문 판매원,103,0.000103
단조원,103,0.000103
플라스틱 압출기 조작원,102,0.000102
위생용 종이제품 제조기 조작원,102,0.000102
기술 감독,102,0.000102
그 외 섬유 및 가죽 관련 기능 종사원,102,0.000102
수리 및 정비 관련 관리자,101,0.000101
고무제품 조립원,101,0.000101
제직기 조작원,101,0.000101
비파괴 검사원,101,0.000101
구두 수선원,101,0.000101
영상 및 음향장비 조립원,101,0.000101
해병대 장교,100,0.00009999999999999999
수동 상표 부착원,100,0.00009999999999999999
주차 안내원,100,0.00009999999999999999
전통차 조리사,100,0.00009999999999999999
토목감리 기술자,99,0.000099
"전직 그 외 물품 이동 장비 조작원, 현재 구직중",99,0.000099
타이어 생산기 조작원,98,0.000098
한약사,98,0.000098
이벤트 전문가,98,0.000098
도로포장기 및 롤러 운전원,97,0.000097
치과 전문 의사,97,0.000097
전동차 정비원,97,0.000097
식품공학 시험원,96,0.000096
문화 관광 및 숲·자연환경 해설사,96,0.000096
그 외 조적공 및 석재 부설원,95,0.00009499999999999999
보험 심사원,95,0.00009499999999999999
굴착기·착암기 및 채광기 조작원,95,0.00009499999999999999
"전직 관세행정 사무원, 현재 구직중",95,0.00009499999999999999
여객차 및 화차 정비원,94,0.000094
"전직 그 외 돌봄 및 보건 서비스 종사원, 현재 구직중",94,0.000094
전자공학 시험원,93,0.000093
"전직 일식 조리사, 현재 구직중",93,0.000093
항해사,93,0.000093
이용사,93,0.000093
그 외 환경공학 관련 시험원,93,0.000093
"전직 특허 사무원, 현재 구직중",93,0.000093
피부 관리사,93,0.000093
증권 사무원,93,0.000093
압연기 조작원,93,0.000093
공조기설비 조작원,92,0.000092
보건 및 복지 교수,92,0.000092
멀티미디어 디자이너,92,0.000092
가구 도장기 조작원,92,0.000092
"전직 상·하수 배관공, 현재 구직중",92,0.000092
"전직 바텐더, 현재 구직중",91,0.00009099999999999999
철도차량 조립원,91,0.00009099999999999999
"전직 텔레마케터, 현재 구직중",91,0.00009099999999999999
환경 관련 관리자,91,0.00009099999999999999
수날염원,91,0.00009099999999999999
수질 환경 기술자 및 연구원,90,0.00008999999999999999
요업·세라믹공학 기술자 및 연구원,89,0.000089
그 외 식품가공 관련 기계 조작원,88,0.000088
방사선사,88,0.000088
공업기계 조립원,87,0.000087
시멘트공학 시험원,87,0.000087
"전직 인사 및 노무 사무원, 현재 구직중",87,0.000087
"전직 범용 소프트웨어 프로그래머, 현재 구직중",87,0.000087
문학작가,87,0.000087
석유화학 시험원,86,0.00008599999999999999
조경 계획 및 설계 기술자,86,0.00008599999999999999
석 공예원,85,0.00008499999999999999
의료과학 시험원,85,0.00008499999999999999
주방장,84,0.000084
카펫 및 가발 제조원,84,0.000084
"전직 그 외 기획 및 마케팅 사무원, 현재 구직중",84,0.000084
선박 배관공,84,0.000084
항공기 배관공,83,0.000083
수의사 보조원,83,0.000083
"전직 강구조물 건립원, 현재 구직중",83,0.000083
그 외 토목 관련 기술자,83,0.000083
그 외 직조기 및 편직기 조작원,83,0.000083
토목안전 기술자,83,0.000083
종이 제조 장치 조작원,83,0.000083
컴퓨터 운영 관리자,83,0.000083
도시 계획 및 설계가,83,0.000083
시추장비 조작원,82,0.000082
그 외 석유 및 천연가스 제조 관련 제어 장치 조작원,82,0.000082
대학 행정조교,82,0.000082
공동주택 관리자,81,0.00008099999999999999
"전직 가사 도우미, 현재 구직중",81,0.00008099999999999999
소음 진동 기술자 및 연구원,81,0.00008099999999999999
임상병리사,81,0.00008099999999999999
"전직 중식 조리사, 현재 구직중",81,0.00008099999999999999
경기 심판,80,0.00007999999999999999
증권 중개인,79,0.000079
축산 및 수의학 연구원,79,0.000079
노무사,79,0.000079
자동차 조립원,79,0.000079
인화지 제조기 조작원,78,0.000078
전기공학 시험원,78,0.000078
인터넷케이블 설치 및 수리원,78,0.000078
감독 및 연출가,78,0.000078
반려동물 훈련사,77,0.000077
조선공학 기술자 및 연구원,77,0.000077
평론가,77,0.000077
그 외 건설 및 채굴기계 운전원,77,0.000077
인발기 조작원,77,0.000077
건물 수리원,77,0.000077
교육 분야 시간강사,77,0.000077
선박 기관사,77,0.000077
"전직 수동 포장원, 현재 구직중",77,0.000077
비상 발전기 설치 및 정비원,76,0.00007599999999999999
공학·제조 및 건설 분야 시간강사,76,0.00007599999999999999
"전직 법무 사무원, 현재 구직중",76,0.00007599999999999999
철도 기관차 정비원,76,0.00007599999999999999
토목구조 설계 기술자,76,0.00007599999999999999
그 외 건축 관련 기술자,76,0.00007599999999999999
약제품 생산기 조작원,75,0.000075
공군 병사,75,0.000075
그 외 교육 관련 관리자,75,0.000075
헤드헌터,75,0.000075
통신케이블 설치 및 수리원,75,0.000075
"전직 노인 및 장애인 돌봄 서비스 종사원, 현재 구직중",74,0.000074
주형원,74,0.000074
"전직 화장품 판매원, 현재 구직중",73,0.000073
그 외 유리 제조 및 가공기 조작원,73,0.000073
"전직 금형원, 현재 구직중",73,0.000073
화장품·비누제품 기술자 및 연구원,73,0.000073
귀금속 세공원,72,0.000072
드릴링기 및 보링기 조작원,72,0.000072
항공운송 사무원,72,0.000072
"전직 조세행정 사무원, 현재 구직중",72,0.000072
날염기 조작원,71,0.00007099999999999999
정부행정 전문가,70,0.00007
수산학 연구원,69,0.000069
전자 및 정밀 기구 조립원,69,0.000069
"전직 운송장비 청소원, 현재 구직중",69,0.000069
임학 연구원,69,0.000069
제책 및 재단용 기계 조작원,68,0.000068
화장품 및 비누제품 시험원,68,0.000068
요업 및 세라믹 공학 시험원,68,0.000068
건강식품 가공기 조작원,68,0.000068
목 공예원,68,0.000068
"전직 그 외 조리사, 현재 구직중",68,0.000068
한복 제조원,67,0.000067
가스 관련 관리자,67,0.000067
어업 시험원,67,0.000067
그 외 선박 관련 승무원,66,0.00006599999999999999
크레인 설치 및 정비원,66,0.00006599999999999999
"전직 우편집배원, 현재 구직중",66,0.00006599999999999999
"전직 대형 화물차 운전원, 현재 구직중",66,0.00006599999999999999
웹 디자이너,65,0.000065
도로정지기 운전원,65,0.000065
손해 사정사,65,0.000065
공학 연구 관리자,64,0.000064
수질 환경 시험원,64,0.000064
그 외 점토제품 생산기 조작원,64,0.000064
방송케이블 설치 및 수리원,64,0.000064
오프셋인쇄기 조작원,63,0.000063
방송 안내원,63,0.000063
"전직 택배원, 현재 구직중",63,0.000063
그 외 자산 운용가,63,0.000063
"전직 정보 시스템 운영자, 현재 구직중",63,0.000063
생물학 시험원,62,0.000062
"전직 광고 전문가, 현재 구직중",62,0.000062
"전직 데이터 분석가, 현재 구직중",62,0.000062
양장 제조원,62,0.000062
하수 처리 장치 조작원,62,0.000062
"전직 보육 관련 시설 서비스 종사원, 현재 구직중",61,0.000061
그 외 표백 및 염색 관련 기계 조작원,61,0.000061
그 외 종이제품 생산기 조작원,61,0.000061
농업용 기계 설치 및 정비원,61,0.000061
필름 생산기 조작원,60,0.000059999999999999995
행사 전시 기획자,60,0.000059999999999999995
출판물 기획자,60,0.000059999999999999995
"전직 매장 정리원, 현재 구직중",60,0.000059999999999999995
메이크업 아티스트,60,0.000059999999999999995
"전직 예약 및 접수 사무원, 현재 구직중",60,0.000059999999999999995
전자 제품 기계 설치 및 정비원,59,0.000059
액세서리 디자이너,59,0.000059
투자 및 증권 분석가,59,0.000059
예술 및 인문학 시간강사,59,0.000059
건설기계 조립원,59,0.000059
신부,59,0.000059
섬유기계 설치 및 정비원,59,0.000059
책 디자이너,59,0.000059
임상심리사,59,0.000059
자재 및 구매 관리자,58,0.000058
경기 기록원,58,0.000058
그 외 식문화 관련 전문가,58,0.000058
"전직 용접기 조작원, 현재 구직중",58,0.000058
"전직 119 구조대원, 현재 구직중",58,0.000058
점화·발파 및 화약 관리원,57,0.000056999999999999996
"전직 주차 관리원, 현재 구직중",57,0.000056999999999999996
조명 기구 설치 및 수리원,57,0.000056999999999999996
자동차 섀시 정비원,57,0.000056999999999999996
"전직 검표원, 현재 구직중",57,0.000056999999999999996
악기 제조 및 수리원,56,0.000056
"전직 육군 부사관, 현재 구직중",56,0.000056
음식 서비스 관련 관리자,56,0.000056
종이상자 및 봉투 제조기 조작원,56,0.000056
항공기 전기 설치원,56,0.000056
작업치료사,56,0.000056
그 외 숙박시설 서비스원,55,0.000054999999999999995
전문 한의사,55,0.000054999999999999995
그 외 통신공학 기술자 및 연구원,55,0.000054999999999999995
그 외 시멘트 및 광물제품 제조기 조작원,55,0.000054999999999999995
단조기 조작원,55,0.000054999999999999995
가구 디자이너,55,0.000054999999999999995
광학기구 수리원,55,0.000054999999999999995
그 외 자연과학 시험원,55,0.000054999999999999995
유리 제조 및 제품 가공기 조작원,54,0.000054
공작기계 조립원,54,0.000054
신발 및 구두 재단사,54,0.000054
그 외 수제 식품 제조 종사원,54,0.000054
"전직 철도 기관사, 현재 구직중",54,0.000054
학예사,54,0.000054
그 외 비금속제품 관련 생산기 조작원,54,0.000054
금속용해로 및 금속가열로 조작원,53,0.000053
"전직 공공행정 사무원, 현재 구직중",53,0.000053
"전직 판금원, 현재 구직중",52,0.000052
경비 관련 관리자,52,0.000052
선박부원,52,0.000052
목재처리기 조작원,52,0.000052
그 외 채굴 및 토목 관련 종사원,52,0.000052
임업 단순 종사원,52,0.000052
그 외 생명과학 연구원,52,0.000052
노래방 서비스원,52,0.000052
커피 및 차류 제조기 조작원,51,0.000051
낙농품가공 기계 조작원,51,0.000051
"전직 그 외 철도 및 전동차 기관사, 현재 구직중",51,0.000051
비행기 정비원,51,0.000051
어패류가공 기계 조작원,51,0.000051
"전직 그 외 기계 조작원, 현재 구직중",51,0.000051
판지 라이닝기 조작원,51,0.000051
섬유 및 펠트 관련 선별원,50,0.000049999999999999996
"전직 그 외 택배원, 현재 구직중",50,0.000049999999999999996
"전직 산업용로봇 조작원, 현재 구직중",50,0.000049999999999999996
선박 조립원,50,0.000049999999999999996
음향 및 녹음 기사,50,0.000049999999999999996
"전직 요양 보호사, 현재 구직중",50,0.000049999999999999996
"전직 냉난방·공조공학 기술자 및 연구원, 현재 구직중",50,0.000049999999999999996
지휘자,49,0.000049
해병대 병사,49,0.000049
합판생산기 조작원,49,0.000049
"전직 전기 감리 기술자 및 연구원, 현재 구직중",49,0.000049
"전직 그 외 전기·전자기기 설치 및 수리원, 현재 구직중",49,0.000049
승려,49,0.000049
대학 교육 조교,48,0.000048
고무 및 플라스틱 시험원,48,0.000048
"전직 변호사, 현재 구직중",48,0.000048
그 외 경영 및 진단 전문가,48,0.000048
"전직 철도교통 관제사, 현재 구직중",48,0.000048
과실 및 채소 가공 관련 기계 조작원,48,0.000048
스포츠 코치,48,0.000048
소방 관리자,48,0.000048
전자 및 통신장비 기술 영업원,48,0.000048
"전직 그 외 제조 관련 단순 종사원, 현재 구직중",48,0.000048
등대원,48,0.000048
레크리에이션 전문가,48,0.000048
"전직 치과위생사, 현재 구직중",47,0.000047
기록물 관리사,47,0.000047
조경 관련 관리자,47,0.000047
소년원 학교 교사,47,0.000047
"전직 농수산물 중개인 및 경매사, 현재 구직중",47,0.000047
"전직 육군 장교, 현재 구직중",47,0.000047
"전직 해외 영업원, 현재 구직중",47,0.000047
"전직 방문 고객 상담원, 현재 구직중",47,0.000047
지도 제작 기술자,47,0.000047
"전직 매장 계산원, 현재 구직중",47,0.000047
그 외 배관공,47,0.000047
해상운송 관련 관리자,46,0.000046
그 외 외선 전기원,46,0.000046
"전직 공공행정 전문가, 현재 구직중",46,0.000046
그 외 금속가공 관련 제어 장치 조작원,46,0.000046
"전직 통신장비 기사, 현재 구직중",46,0.000046
"전직 그 외 제품 디자이너, 현재 구직중",45,0.000044999999999999996
만화영화 작가,45,0.000044999999999999996
보석 세공원,45,0.000044999999999999996
보험 상품 개발자,45,0.000044999999999999996
"전직 사회복지사, 현재 구직중",45,0.000044999999999999996
그 외 재활용 처리 및 소각로 조작원,44,0.000044
수도 관련 관리자,44,0.000044
농업기계 조립원,44,0.000044
신용 분석가,44,0.000044
"전직 위험 관리원, 현재 구직중",44,0.000044
선장,44,0.000044
광석 및 금속용광로 조작원,44,0.000044
문화재 보존원,44,0.000044
그 외 언론 관련 전문가,44,0.000044
고속철 기관차 정비원,43,0.000042999999999999995
선박 정비원,43,0.000042999999999999995
"전직 자동 조립라인 조작원, 현재 구직중",43,0.000042999999999999995
디지털인쇄기 조작원,43,0.000042999999999999995
전도사,43,0.000042999999999999995
"전직 농업 단순 종사원, 현재 구직중",43,0.000042999999999999995
외환 딜러,43,0.000042999999999999995
무대의상 관리원,43,0.000042999999999999995
체형 관리사,42,0.000042
"전직 그 외 음식 서비스 종사원, 현재 구직중",42,0.000042
통신 관리자,42,0.000042
여행 상품 개발자,42,0.000042
"전직 영업 관련 관리자, 현재 구직중",42,0.000042
식품 생산 관리자,42,0.000042
"전직 철로 설치원, 현재 구직중",41,0.000041
오락 및 스포츠용품 대여원,41,0.000041
"전직 전동차 기관사, 현재 구직중",41,0.000041
해군 병사,41,0.000041
과수작물 재배원,41,0.000041
"전직 그 외 전기공학 기술자 및 연구원, 현재 구직중",41,0.000041
"전직 냉난방기 관련 설비 조작원, 현재 구직중",41,0.000041
"전직 플랜트공학 기술자 및 연구원, 현재 구직중",40,0.000039999999999999996
체육 및 그 외 분야 시간강사,40,0.000039999999999999996
"전직 전자제품 개발 기술자 및 연구원, 현재 구직중",40,0.000039999999999999996
그 외 공예원,40,0.000039999999999999996
"전직 데이터 관리 및 운영자, 현재 구직중",40,0.000039999999999999996
"전직 중형 화물차 운전원, 현재 구직중",40,0.000039999999999999996
무역 관련 관리자,40,0.000039999999999999996
부동산 및 임대업 관리자,40,0.000039999999999999996
정수 처리 장치 조작원,40,0.000039999999999999996
"전직 부동산 감정 전문가, 현재 구직중",40,0.000039999999999999996
수력발전장치 운전원,39,0.000039
폐기물 처리 시험원,39,0.000039
"전직 양식 조리사, 현재 구직중",39,0.000039
콘크리트 믹서 트럭 운전원,39,0.000039
경인쇄기 조작원,39,0.000039
목사,39,0.000039
"전직 고속철 기관사, 현재 구직중",39,0.000039
"전직 가스 배관공, 현재 구직중",39,0.000039
제재기 조작원,39,0.000039
담배 제조 관련 기계 조작원,38,0.000037999999999999995
"전직 그 외 기계공학 기술자 및 연구원, 현재 구직중",38,0.000037999999999999995
금융자산 운용가,38,0.000037999999999999995
"전직 주류 서비스 종사원, 현재 구직중",38,0.000037999999999999995
펌프 장치 조작원,38,0.000037999999999999995
항공기 조립원,38,0.000037999999999999995
민속신앙 관련 종사원,38,0.000037999999999999995
그 외 음료 제조 관련 기계 조작원,38,0.000037999999999999995
그 외 종교 관련 종사원,38,0.000037999999999999995
시멘트 및 석회 제조 관련 조작원,38,0.000037999999999999995
"전직 그 외 자동차 운전원, 현재 구직중",38,0.000037999999999999995
세제 생산기 조작원,37,0.000037
개인 생활 서비스 종사원,37,0.000037
의료기기 설치 및 수리원,37,0.000037
"전직 판매 사무원, 현재 구직중",37,0.000037
보험 인수 심사원,37,0.000037
"전직 데이터 설계 및 프로그래머, 현재 구직중",37,0.000037
사용자 경험 및 인터페이스 디자이너,37,0.000037
"전직 병무행정 사무원, 현재 구직중",37,0.000037
"전직 컴퓨터 설치 및 수리원, 현재 구직중",37,0.000037
철도차량 전기 설치원,37,0.000037
자동차 도장 정비원,36,0.000036
그 외 금융 및 보험 관련 전문가,36,0.000036
"전직 그 외 판매 관련 단순 종사원, 현재 구직중",36,0.000036
목욕 관리사,36,0.000036
"전직 기업 대표이사, 현재 구직중",36,0.000036
그 외 감독 및 연출가,36,0.000036
"전직 시내버스 운전원, 현재 구직중",36,0.000036
중앙정부 고위 공무원,36,0.000036
플라스틱제품 조립원,36,0.000036
비료 생산기 조작원,36,0.000036
소음 진동 시험원,36,0.000036
반려동물 미용사,35,0.000035
공구 조립원,35,0.000035
"전직 정보 보안 전문가, 현재 구직중",35,0.000035
장례 상담원,35,0.000035
생물학 연구원,35,0.000035
촬영기사,35,0.000035
건설기계공학 기술자 및 연구원,35,0.000035
환경 영향 평가원,35,0.000035
자전거 정비원,35,0.000035
"전직 일반 경찰관 및 수사관, 현재 구직중",35,0.000035
조미 식품 생산기 조작원,35,0.000035
"전직 변리사, 현재 구직중",35,0.000035
인테리어 디자이너,35,0.000035
식품 등급원,35,0.000035
"전직 그 외 배달원, 현재 구직중",35,0.000035
"전직 청소년 지도사, 현재 구직중",34,0.000034
"전직 약사, 현재 구직중",34,0.000034
가죽 및 모피 수선원,34,0.000034
"전직 토목 제도사, 현재 구직중",34,0.000034
인류학 연구원,34,0.000034
그 외 인문과학 연구원,34,0.000034
"전직 육군 병사, 현재 구직중",34,0.000034
자동차 엔진 정비원,34,0.000034
섬유 제조 기계 조작원,34,0.000034
"전직 출판 및 자료편집 사무원, 현재 구직중",34,0.000034
호이스트 설치 및 정비원,34,0.000034
직물 재봉사,33,0.000032999999999999996
"전직 그 외 화학제품 생산기 조작원, 현재 구직중",33,0.000032999999999999996
수녀 및 수사,33,0.000032999999999999996
"전직 웹 운영자, 현재 구직중",33,0.000032999999999999996
"전직 행사 및 홍보 도우미, 현재 구직중",33,0.000032999999999999996
색채 전문가,33,0.000032999999999999996
"전직 데스크 안내원, 현재 구직중",33,0.000032999999999999996
그 외 화학공학 시험원,33,0.000032999999999999996
점술가,33,0.000032999999999999996
"전직 그 외 법률 관련 사무원, 현재 구직중",33,0.000032999999999999996
보건 의료 관련 관리자,33,0.000032999999999999996
승차권 판매원,32,0.000032
헬리콥터 정비원,32,0.000032
공공 기관 임원,32,0.000032
"전직 광고 및 홍보 사무원, 현재 구직중",32,0.000032
자동차 튜닝원,32,0.000032
"전직 프레스기 및 절단기 조작원, 현재 구직중",32,0.000032
"전직 산불 감시원, 현재 구직중",32,0.000032
물리학 시험원,31,0.000031
인쇄 및 광고 영업원,31,0.000031
삽화가,31,0.000031
결혼상담원,31,0.000031
교육학 연구원,31,0.000031
식품기계 설치 및 정비원,31,0.000031
"전직 회계사, 현재 구직중",31,0.000031
"전직 그 외 의복 제조 관련 기능 종사원, 현재 구직중",31,0.000031
방재 기술자 및 연구원,31,0.000031
"전직 가스 점검원, 현재 구직중",31,0.000031
지중 전력설비 전기원,31,0.000031
자연과학·수학 및 통계학 시간강사,31,0.000031
언어학 및 문학 연구원,31,0.000031
디스플레이 디자이너,31,0.000031
광원,30,0.000029999999999999997
"전직 제빵사 및 제과원, 현재 구직중",30,0.000029999999999999997
석재 절단원,30,0.000029999999999999997
약학 연구원,30,0.000029999999999999997
벽돌 및 타일 생산기 조작원,30,0.000029999999999999997
"전직 의류 판매원, 현재 구직중",30,0.000029999999999999997
"전직 그 외 화물차 및 특수차 운전원, 현재 구직중",30,0.000029999999999999997
자동차 판금 정비원,30,0.000029999999999999997
콘크리트제품 제조 관련 조작원,30,0.000029999999999999997
전기케이블 접속원,30,0.000029999999999999997
광석 및 석재 가공장치 조작원,29,0.000029
사회과학·경영 및 법학 시간강사,29,0.000029
"전직 로봇공학 기술자 및 연구원, 현재 구직중",29,0.000029
알코올성 음료 제조기 조작원,29,0.000029
그 외 소방공학 기술자 및 연구원,29,0.000029
선박 전기 설치원,29,0.000029
"전직 통계 사무원, 현재 구직중",29,0.000029
"전직 산업 특화 소프트웨어 프로그래머, 현재 구직중",29,0.000029
토양 환경 기술자 및 연구원,29,0.000029
사회복지학 연구원,29,0.000029
정보 통신기술 분야 시간강사,29,0.000029
"전직 시스템 소프트웨어 프로그래머, 현재 구직중",28,0.000028
환경 영향 시험원,28,0.000028
가죽 패턴사,28,0.000028
"전직 커피 조리사, 현재 구직중",28,0.000028
"전직 시스템 소프트웨어 설계 및 분석가, 현재 구직중",28,0.000028
"전직 상담 전문가, 현재 구직중",28,0.000028
"전직 크레인 운전원, 현재 구직중",28,0.000028
두부 및 유사 제품 기계 조작원,28,0.000028
언론학 연구원,28,0.000028
수학 및 통계학 연구원,28,0.000028
외과 전문 의사,28,0.000028
건설자재 시험원,28,0.000028
"전직 소규모 상점 일선 관리 종사원, 현재 구직중",28,0.000028
"전직 네트워크 시스템 개발자, 현재 구직중",28,0.000028
"전직 보험 사무원, 현재 구직중",28,0.000028
"전직 웹 프로그래머, 현재 구직중",28,0.000028
"전직 관광버스 운전원, 현재 구직중",28,0.000028
임업 시험원,27,0.000027
건축에너지 관리 및 평가 기술자,27,0.000027
"전직 무역 사무원, 현재 구직중",27,0.000027
"전직 휠체어 리프트 설치 및 정비원, 현재 구직중",27,0.000027
"전직 음식료품 판매원, 현재 구직중",27,0.000027
검사,27,0.000027
돼지 사육자,27,0.000027
금융 상품 개발자,26,0.000026
석제품 가공기 조작원,26,0.000026
가구 제조원,26,0.000026
"전직 중고차 영업원, 현재 구직중",26,0.000026
지게차 정비원,26,0.000026
"전직 구급 요원, 현재 구직중",26,0.000026
만화가,26,0.000026
투자신탁 전문가,26,0.000026
대학교 총장 및 대학 학장,26,0.000026
그 외 수선원,26,0.000026
그 외 전문 서비스 관리자,26,0.000026
"전직 그 외 기계장비 설치 및 정비원, 현재 구직중",26,0.000026
조율사,26,0.000026
그 외 전기 및 전자설비 조작원,26,0.000026
그 외 전문 의사,26,0.000026
그 외 작가,26,0.000026
그 외 목제품 제조 관련 종사원,26,0.000026
환경 감시원,25,0.000024999999999999998
국내 및 국제회의 기획자,25,0.000024999999999999998
사탕·껌 및 초콜릿 제품 기계 조작원,25,0.000024999999999999998
대기 환경 기술자 및 연구원,25,0.000024999999999999998
화장품 생산기 조작원,25,0.000024999999999999998
"전직 음식 배달원, 현재 구직중",25,0.000024999999999999998
항공교통 관제사,25,0.000024999999999999998
그 외 연극·영화 및 영상 관련 종사원,25,0.000024999999999999998
소방 공사 감리 기술자 및 연구원,25,0.000024999999999999998
화력발전장치 운전원,25,0.000024999999999999998
"전직 재무 관리자, 현재 구직중",25,0.000024999999999999998
"전직 농약·비료 기술자 및 연구원, 현재 구직중",25,0.000024999999999999998
"전직 대출 모집인, 현재 구직중",25,0.000024999999999999998
"전직 정육가공원, 현재 구직중",25,0.000024999999999999998
"전직 그 외 시설 및 특수 경비원, 현재 구직중",25,0.000024999999999999998
"전직 석유화학 기술자 및 연구원, 현재 구직중",25,0.000024999999999999998
"전직 머시닝센터 조작원, 현재 구직중",24,0.000024
"전직 웨딩플래너, 현재 구직중",24,0.000024
"전직 그 외 교육 전문가, 현재 구직중",24,0.000024
"전직 그 외 금속·재료 공학 기술자 및 연구원, 현재 구직중",24,0.000024
"전직 소규모 상점 경영자, 현재 구직중",24,0.000024
"전직 도로운송 사무원, 현재 구직중",24,0.000024
"전직 소방시설 공사 기술자 및 연구원, 현재 구직중",24,0.000024
건축가,24,0.000024
소품 관리원,24,0.000024
"전직 배전반 조작원, 현재 구직중",24,0.000024
배우,24,0.000024
"전직 부동산 중개사, 현재 구직중",24,0.000024
"전직 교육 및 훈련 사무원, 현재 구직중",24,0.000024
농림·수산업 및 수의학 교수,24,0.000024
"전직 모바일 애플리케이션 프로그래머, 현재 구직중",23,0.000023
"전직 은행 사무원, 현재 구직중",23,0.000023
가방 및 신발 디자이너,23,0.000023
"전직 그 외 시각 디자이너, 현재 구직중",23,0.000023
보조 연기자,23,0.000023
의약품 영업원,23,0.000023
오토바이 정비원,23,0.000023
디자인 관련 관리자,23,0.000023
"전직 자동차 부품 기술 영업원, 현재 구직중",23,0.000023
회원 단체 관련 관리자,23,0.000023
"전직 자동차공학 기술자 및 연구원, 현재 구직중",23,0.000023
"전직 그 외 냉동·냉장·공조기 설치 및 정비원, 현재 구직중",23,0.000023
"전직 가죽 및 모피 가공원, 현재 구직중",23,0.000023
"전직 이삿짐 운반원, 현재 구직중",23,0.000023
가구 조립원,23,0.000023
요리 연구가,23,0.000023
"전직 미디어 콘텐츠 창작자, 현재 구직중",23,0.000023
"전직 택시 운전원, 현재 구직중",22,0.000022
"전직 금속 세척기 조작원, 현재 구직중",22,0.000022
"전직 무대 및 세트 디자이너, 현재 구직중",22,0.000022
"전직 가스 용접원, 현재 구직중",22,0.000022
"전직 호텔 서비스원, 현재 구직중",22,0.000022
"전직 농업용 기계장비 기술 영업원, 현재 구직중",22,0.000022
그 외 연구 관리자,22,0.000022
"전직 그 외 경호 및 보안 관련 종사원, 현재 구직중",22,0.000022
자동차 전기 및 전자 정비원,22,0.000022
정치학 연구원,22,0.000022
"전직 건축 제도사, 현재 구직중",21,0.000021
"전직 자동 재봉설비 조작원, 현재 구직중",21,0.000021
"전직 마케팅 관리자, 현재 구직중",21,0.000021
판사,21,0.000021
"전직 분식 조리사, 현재 구직중",21,0.000021
선물거래 중개인,21,0.000021
경제학 연구원,21,0.000021
"전직 공연·영화 및 음반 기획자, 현재 구직중",20,0.000019999999999999998
"전직 그 외 산업 안전 및 위험 관리원, 현재 구직중",20,0.000019999999999999998
"전직 아파트 경비원, 현재 구직중",20,0.000019999999999999998
방송 및 영화연출 보조원,20,0.000019999999999999998
"전직 교통 계획 및 설계가, 현재 구직중",20,0.000019999999999999998
의학 연구원,20,0.000019999999999999998
"전직 간병인, 현재 구직중",20,0.000019999999999999998
섬유 및 의복 제품 생산 관리자,20,0.000019999999999999998
그 외 숙박·여행·오락 및 스포츠 관련 관리자,20,0.000019999999999999998
"전직 금속제품 도장기 조작원, 현재 구직중",20,0.000019999999999999998
"전직 주입·포장 및 봉함기 조작원, 현재 구직중",20,0.000019999999999999998
채석원,20,0.000019999999999999998
"전직 총무 및 인사 관리자, 현재 구직중",20,0.000019999999999999998
건강원 및 탕제원 종사원,20,0.000019999999999999998
"전직 체인점 모집 및 관리 영업원, 현재 구직중",19,0.000018999999999999998
"전직 홍보 전문가, 현재 구직중",19,0.000018999999999999998
"전직 화학물 가열 처리 장치 조작원, 현재 구직중",19,0.000018999999999999998
시트 제품 제조원,19,0.000018999999999999998
성악가,19,0.000018999999999999998
"전직 패스트푸드 준비원, 현재 구직중",19,0.000018999999999999998
신발 제조기 조작원 및 조립원,19,0.000018999999999999998
비알코올성 음료 제조기 조작원,19,0.000018999999999999998
"전직 그 외 공업기계 설치 및 정비원, 현재 구직중",19,0.000018999999999999998
로봇공학 시험원,19,0.000018999999999999998
영상의학과 및 병리과 전문 의사,19,0.000018999999999999998
정신건강의학과 및 신경과 전문 의사,19,0.000018999999999999998
"전직 그 외 용접원, 현재 구직중",19,0.000018999999999999998
"전직 반도체공학 기술자 및 연구원, 현재 구직중",19,0.000018999999999999998
"전직 그 외 건설·전기 및 생산 관련 관리자, 현재 구직중",19,0.000018999999999999998
혼례 종사원,19,0.000018999999999999998
"전직 그 외 금속 공작 기계 조작원, 현재 구직중",19,0.000018999999999999998
"전직 금속공학 기술자 및 연구원, 현재 구직중",19,0.000018999999999999998
여행 관련 관리자,19,0.000018999999999999998
모피 패턴사,19,0.000018999999999999998
"전직 건물 전기 및 전자설비 조작원, 현재 구직중",19,0.000018999999999999998
"전직 재활용품 수거원, 현재 구직중",19,0.000018999999999999998
그 외 오락시설 서비스원,18,0.000018
심리학 연구원,18,0.000018
"전직 금속 열처리로 조작원, 현재 구직중",18,0.000018
"전직 화학 연구원, 현재 구직중",18,0.000018
"전직 컴퓨터 소프트웨어 개발 관리자, 현재 구직중",18,0.000018
"전직 그 외 음료 조리사, 현재 구직중",18,0.000018
"전직 금형공학 기술자 및 연구원, 현재 구직중",18,0.000018
"전직 신용카드 모집인, 현재 구직중",18,0.000018
"전직 잠수 기능원, 현재 구직중",18,0.000018
"전직 인쇄 관련 기능 종사원, 현재 구직중",18,0.000018
"전직 특수 경비원, 현재 구직중",18,0.000018
역사학 연구원,18,0.000018
"전직 전기장비 조립원, 현재 구직중",18,0.000018
투자 인수 심사원,18,0.000018
"전직 금속절곡기 조작원, 현재 구직중",18,0.000018
건설용 굴삭기 정비원,18,0.000018
"전직 일반영양사, 현재 구직중",17,0.000017
"전직 복지시설 생활 지도원, 현재 구직중",17,0.000017
"전직 그 외 전기·전자 부품 및 제품 조립원, 현재 구직중",17,0.000017
초등학교 교장 및 교감,17,0.000017
가죽 및 모피 재봉사,17,0.000017
도료제품 시험원,17,0.000017
"전직 철도 고가 전선 가설원, 현재 구직중",17,0.000017
"전직 보험 중개인, 현재 구직중",17,0.000017
그 외 재봉사,17,0.000017
"전직 쓰레기 수거원, 현재 구직중",17,0.000017
"전직 미술관·박물관 해설 및 안내원, 현재 구직중",17,0.000017
"전직 번역가, 현재 구직중",17,0.000017
직물 디자이너,17,0.000017
"전직 사무용 전자기기 설치 및 수리원, 현재 구직중",17,0.000017
원자력발전장치 운전원,17,0.000017
렌터카 운전원,17,0.000017
무용가,17,0.000017
"전직 그 외 환경미화원 및 재활용품 수거원, 현재 구직중",17,0.000017
"전직 화학물 증류기 및 반응기 조작원, 현재 구직중",17,0.000017
"전직 보안 관제원, 현재 구직중",17,0.000017
목재케이스 및 나무상자 제조원,16,0.000016
"전직 사진가, 현재 구직중",16,0.000016
"전직 금속기계 부품 조립원, 현재 구직중",16,0.000016
"전직 김치 제조 종사원, 현재 구직중",16,0.000016
"전직 어업 단순 종사원, 현재 구직중",16,0.000016
도료제품 기술자 및 연구원,16,0.000016
수산물가공 및 염장원,16,0.000016
"전직 그 외 건축 마감 관련 기능 종사원, 현재 구직중",16,0.000016
"전직 의상 디자이너, 현재 구직중",16,0.000016
"전직 가전제품 판매원, 현재 구직중",16,0.000016
송배전설비 전기원,16,0.000016
"전직 투자 권유 대행인, 현재 구직중",16,0.000016
"전직 소방설계 기술자 및 연구원, 현재 구직중",16,0.000016
"전직 대리 주차원, 현재 구직중",16,0.000016
"전직 전자 부품 제조 기계 조작원, 현재 구직중",15,0.000014999999999999999
항공운송 관련 관리자,15,0.000014999999999999999
지구 및 기상 과학 연구원,15,0.000014999999999999999
"전직 상표 부착기 조작원, 현재 구직중",15,0.000014999999999999999
"전직 시외 및 고속 버스 운전원, 현재 구직중",15,0.000014999999999999999
물리학 연구원,15,0.000014999999999999999
"전직 전문 간호사, 현재 구직중",15,0.000014999999999999999
"전직 교도관, 현재 구직중",15,0.000014999999999999999
"전직 육아 도우미, 현재 구직중",15,0.000014999999999999999
"전직 그 외 건물 관리원, 현재 구직중",15,0.000014999999999999999
"전직 감사 사무원, 현재 구직중",15,0.000014999999999999999
천일염 생산 종사원,15,0.000014999999999999999
"전직 네트워크 프로그래머, 현재 구직중",15,0.000014999999999999999
포장 디자이너,15,0.000014999999999999999
사회학 연구원,15,0.000014999999999999999
"전직 전기제어장치 설치 및 정비원, 현재 구직중",15,0.000014999999999999999
"전직 컴퓨터 시스템 설계 및 분석가, 현재 구직중",15,0.000014999999999999999
컴퓨터 하드웨어 개발 관리자,15,0.000014999999999999999
"전직 청원경찰, 현재 구직중",14,0.000014
"전직 떡 제조원, 현재 구직중",14,0.000014
천문 및 우주 과학 연구원,14,0.000014
"전직 에스컬레이터 설치 및 정비원, 현재 구직중",14,0.000014
"전직 화학물 여과기 및 분리기 조작원, 현재 구직중",14,0.000014
집행관,14,0.000014
법률 관리자,14,0.000014
"전직 실업 교사, 현재 구직중",14,0.000014
"전직 교사 교육 보조원, 현재 구직중",14,0.000014
경영학 연구원,14,0.000014
"전직 선반기 조작원, 현재 구직중",14,0.000014
그 외 건설용 기계 정비원,14,0.000014
그 외 시각 및 공연 예술가,14,0.000014
피부과 및 비뇨기과 전문 의사,14,0.000014
"전직 토목시공 기술자, 현재 구직중",14,0.000014
"전직 그 외 바닥재 시공원, 현재 구직중",14,0.000014
대기 환경 시험원,14,0.000014
"전직 산후조리 종사원, 현재 구직중",14,0.000014
"전직 그 외 공학 관련 기술자 및 시험원, 현재 구직중",14,0.000014
"전직 입학 사정관, 현재 구직중",14,0.000014
"전직 가전제품 설치 및 수리원, 현재 구직중",14,0.000014
"전직 건축감리 기술자, 현재 구직중",14,0.000014
토양 환경 시험원,14,0.000014
"전직 건축설비 기술자, 현재 구직중",14,0.000014
"전직 그 외 교사, 현재 구직중",14,0.000014
활자 디자이너,14,0.000014
"전직 강구조물 가공원, 현재 구직중",13,0.000013
"전직 덤프트럭 운전원, 현재 구직중",13,0.000013
"전직 식품학 연구원, 현재 구직중",13,0.000013
교도 관리자,13,0.000013
"전직 방송장비 설치 및 수리원, 현재 구직중",13,0.000013
"전직 농학 연구원, 현재 구직중",13,0.000013
도서 및 영상 기록 매체 대여원,13,0.000013
"전직 방송 송출 장비 기사, 현재 구직중",13,0.000013
"전직 전기 관련 관리자, 현재 구직중",13,0.000013
"전직 임상영양사, 현재 구직중",13,0.000013
"전직 그 외 버스 운전원, 현재 구직중",13,0.000013
"전직 통신기기 기술자 및 연구원, 현재 구직중",13,0.000013
"전직 그 외 도시 및 교통 관련 전문가, 현재 구직중",13,0.000013
"전직 기자, 현재 구직중",13,0.000013
그 외 패턴사,13,0.000013
"전직 호송 경비원, 현재 구직중",13,0.000013
중·고등학교 교장 및 교감,13,0.000013
"전직 소방관, 현재 구직중",13,0.000013
"전직 건축 관련 관리자, 현재 구직중",13,0.000013
"전직 자동 재단기 조작원, 현재 구직중",13,0.000013
소아청소년과 전문 의사,13,0.000013
"전직 건축시공 기술자, 현재 구직중",13,0.000013
"전직 제관원, 현재 구직중",13,0.000013
"전직 토목 관련 관리자, 현재 구직중",13,0.000013
"전직 기계 제도사, 현재 구직중",12,0.000012
"전직 법무사, 현재 구직중",12,0.000012
"전직 대리석 부착원, 현재 구직중",12,0.000012
"전직 건물용 냉동·냉장·공조기 설치 및 정비원, 현재 구직중",12,0.000012
"전직 언어재활사, 현재 구직중",12,0.000012
"전직 산업기계공학 기술자 및 연구원, 현재 구직중",12,0.000012
"전직 고무·플라스틱 기술자 및 연구원, 현재 구직중",12,0.000012
보건 및 복지 시간강사,12,0.000012
"전직 컴퓨터 시스템 감리 전문가, 현재 구직중",12,0.000012
"전직 그 외 미용 관련 서비스 종사원, 현재 구직중",12,0.000012
그 외 재단사,12,0.000012
"전직 내장 목공, 현재 구직중",12,0.000012
"전직 그 외 정육가공 및 도축 관련 종사원, 현재 구직중",12,0.000012
"전직 전기 안전 기술자 및 연구원, 현재 구직중",12,0.000012
"전직 산업용 기계장비 기술 영업원, 현재 구직중",12,0.000012
사진측량 및 분석가,12,0.000012
가수,12,0.000012
정당 및 특수 단체 임원,12,0.000012
"전직 전자계측 제어 기술자 및 연구원, 현재 구직중",12,0.000012
헬리콥터 조종사,12,0.000012
청소 관련 관리자,12,0.000012
개그맨 및 코미디언,12,0.000012
"전직 그 외 제분 및 도정 관련 기계 조작원, 현재 구직중",12,0.000012
"전직 공학·제조 및 건설 분야 교수, 현재 구직중",12,0.000012
도자기 공예원,12,0.000012
"전직 교통안전 연구원, 현재 구직중",12,0.000012
"전직 용융 도금기 조작원, 현재 구직중",12,0.000012
"전직 섬유 공정 개발 기술자 및 연구원, 현재 구직중",12,0.000012
경찰 관리자,12,0.000012
"전직 통신기술 기술자 및 연구원, 현재 구직중",11,0.000011
영상·녹화 및 편집 기사,11,0.000011
"전직 금속코팅·광택 및 래미네이팅기 조작원, 현재 구직중",11,0.000011
"전직 의무 기록사, 현재 구직중",11,0.000011
지방의회 의원 및 교육 의원,11,0.000011
"전직 신차 영업원, 현재 구직중",11,0.000011
"전직 제품 단순 선별원, 현재 구직중",11,0.000011
"전직 증권 사무원, 현재 구직중",11,0.000011
"전직 가스 생산기 조작원, 현재 구직중",11,0.000011
"전직 섬유 소재 개발 기술자 및 연구원, 현재 구직중",11,0.000011
"전직 게임 프로그래머, 현재 구직중",11,0.000011
"전직 신발 및 액세서리 판매원, 현재 구직중",11,0.000011
그 외 아나운서 및 리포터,11,0.000011
"전직 품질 인증 심사 전문가, 현재 구직중",11,0.000011
"전직 방수공, 현재 구직중",11,0.000011
방송·출판 및 영상 관련 관리자,11,0.000011
인력 공급 및 알선 서비스 관리자,11,0.000011
공장 전기 및 전자설비 조작원,11,0.000011
"전직 전자제품 제조 기계 조작원, 현재 구직중",11,0.000011
"전직 컴퓨터 하드웨어 기술자 및 연구원, 현재 구직중",11,0.000011
"전직 엘리베이터 설치 및 정비원, 현재 구직중",11,0.000011
"전직 통역가, 현재 구직중",11,0.000011
"전직 화학기계 설치 및 정비원, 현재 구직중",11,0.000011
"전직 정보 통신 컨설턴트, 현재 구직중",11,0.000011
동산 감정 전문가,11,0.000011
"전직 그 외 전자공학 기술자 및 연구원, 현재 구직중",11,0.000011
그 외 상품 대여원,11,0.000011
"전직 그 외 상품 중개인 및 경매사, 현재 구직중",11,0.000011
"전직 그 외 인쇄기 조작원, 현재 구직중",10,9.999999999999999e-6
"전직 세무사, 현재 구직중",10,9.999999999999999e-6
"전직 그 외 화학물 가공 장치 조작원, 현재 구직중",10,9.999999999999999e-6
"전직 보험 설계사, 현재 구직중",10,9.999999999999999e-6
곡식작물 재배원,10,9.999999999999999e-6
"전직 그 외 미디어 콘텐츠 디자이너, 현재 구직중",10,9.999999999999999e-6
빵·과자 및 떡 제조 기계 조작원,10,9.999999999999999e-6
"전직 장학관 및 장학사, 현재 구직중",10,9.999999999999999e-6
"전직 전산 자료 입력원, 현재 구직중",10,9.999999999999999e-6
자동차 대여원,10,9.999999999999999e-6
"전직 간판 제작 및 설치원, 현재 구직중",10,9.999999999999999e-6
"전직 농업 시험원, 현재 구직중",10,9.999999999999999e-6
"전직 염색기 조작원, 현재 구직중",10,9.999999999999999e-6
"전직 인쇄판 출력원, 현재 구직중",10,9.999999999999999e-6
"전직 해양 경찰관 및 수사관, 현재 구직중",10,9.999999999999999e-6
원유 처리 장치 조작원,10,9.999999999999999e-6
"전직 비계공, 현재 구직중",10,9.999999999999999e-6
"전직 세탁원 및 다림질원, 현재 구직중",10,9.999999999999999e-6
"전직 원예작물 판매원, 현재 구직중",10,9.999999999999999e-6
"전직 그 외 인사 및 노사 관련 전문가, 현재 구직중",10,9.999999999999999e-6
사진 인화 및 현상기 조작원,10,9.999999999999999e-6
"전직 기획 관리자, 현재 구직중",9,9e-6
"전직 전기 및 전자 제품 생산 관리자, 현재 구직중",9,9e-6
"전직 화학물 분쇄기·마쇄기 및 혼합기 조작원, 현재 구직중",9,9e-6
"전직 광고 디자이너, 현재 구직중",9,9e-6
"전직 렌즈 및 프리즘 가공기 조작원, 현재 구직중",9,9e-6
"전직 리프트 조작원, 현재 구직중",9,9e-6
"전직 설탕 제조 관련 기계 조작원, 현재 구직중",9,9e-6
지리 정보 시스템 전문가,9,9e-6
"전직 육류가공 기계 조작원, 현재 구직중",9,9e-6
"전직 그 외 청소원, 현재 구직중",9,9e-6
"전직 미용사, 현재 구직중",9,9e-6
그 외 정보 통신 관련 관리자,9,9e-6
"전직 자동차 경정비원, 현재 구직중",9,9e-6
"전직 골프장 캐디, 현재 구직중",9,9e-6
"전직 통신장비 설치 및 수리원, 현재 구직중",9,9e-6
"전직 판금기 조작원, 현재 구직중",9,9e-6
"전직 시멘트공학 기술자 및 연구원, 현재 구직중",9,9e-6
"전직 그 외 석유 및 천연가스 제조 관련 제어 장치 조작원, 현재 구직중",9,9e-6
"전직 그 외 건축 도장공, 현재 구직중",9,9e-6
"전직 의복 수선원, 현재 구직중",9,9e-6
"전직 양복 제조원, 현재 구직중",9,9e-6
"전직 농약 및 비료 시험원, 현재 구직중",9,9e-6
"전직 경량 철골공, 현재 구직중",9,9e-6
"전직 전기계측 제어 기술자 및 연구원, 현재 구직중",9,9e-6
"전직 타일 부착원, 현재 구직중",9,9e-6
"전직 그 외 데이터 및 네트워크 관련 전문가, 현재 구직중",9,9e-6
제화원,9,9e-6
"전직 차량 도장기 조작원, 현재 구직중",9,9e-6
"전직 표백기 조작원, 현재 구직중",9,9e-6
"전직 장례 지도사, 현재 구직중",9,9e-6
"전직 그 외 제도사, 현재 구직중",9,9e-6
화훼작물 재배원,9,9e-6
"전직 그 외 경영 지원 관리자, 현재 구직중",9,9e-6
"전직 외국어 교사, 현재 구직중",9,9e-6
배관 세정원,9,9e-6
"전직 화학 시험원, 현재 구직중",9,9e-6
"전직 음료 배달원, 현재 구직중",9,9e-6
"전직 폐기물 처리 기술자 및 연구원, 현재 구직중",9,9e-6
"전직 그 외 산업 전기 설치원, 현재 구직중",9,9e-6
"전직 전기제품 제조 기계 조작원, 현재 구직중",9,9e-6
사회복지 관련 관리자,9,9e-6
"전직 스포츠 감독, 현재 구직중",9,9e-6
현금인출기 설치 및 수리원,9,9e-6
요금 정산원,9,9e-6
"전직 식품공학 기술자 및 연구원, 현재 구직중",9,9e-6
"전직 직물 패턴사, 현재 구직중",9,9e-6
연주가,9,9e-6
"전직 수금원, 현재 구직중",9,9e-6
광업용 기계 설치 및 정비원,8,8e-6
"전직 가구 도장기 조작원, 현재 구직중",8,8e-6
"전직 염색 개발 공학 기술자 및 연구원, 현재 구직중",8,8e-6
"전직 그 외 환경공학 기술자 및 연구원, 현재 구직중",8,8e-6
"전직 발전설비 기술자 및 연구원, 현재 구직중",8,8e-6
"전직 그 외 직물·신발 관련 기계 조작원 및 조립원, 현재 구직중",8,8e-6
"전직 철근공, 현재 구직중",8,8e-6
"전직 공군 장교, 현재 구직중",8,8e-6
"전직 그 외 응용 소프트웨어 프로그래머, 현재 구직중",8,8e-6
오락 및 스포츠 관련 관리자,8,8e-6
"전직 계기 검침원, 현재 구직중",8,8e-6
"전직 철도운송 사무원, 현재 구직중",8,8e-6
"전직 열차 객실 승무원, 현재 구직중",8,8e-6
"전직 게임 그래픽 디자이너, 현재 구직중",8,8e-6
"전직 밀링기 조작원, 현재 구직중",8,8e-6
"전직 연선기 조작원, 현재 구직중",8,8e-6
"전직 그 외 통신공학 기술자 및 연구원, 현재 구직중",8,8e-6
폐유 및 재생유 처리 장치 조작원,8,8e-6
교통영향 평가원,8,8e-6
"전직 인사 컨설턴트, 현재 구직중",8,8e-6
"전직 판매 관련 관리자, 현재 구직중",8,8e-6
"전직 자동차 엔진 조립원, 현재 구직중",8,8e-6
"전직 그 외 건설 및 채굴기계 운전원, 현재 구직중",8,8e-6
"전직 통신망 운영 기술자 및 연구원, 현재 구직중",8,8e-6
의료장비 기술 영업원,8,8e-6
"전직 플라스틱 사출기 조작원, 현재 구직중",8,8e-6
"전직 금속공학 시험원, 현재 구직중",8,8e-6
"전직 기지국 설치 및 수리원, 현재 구직중",8,8e-6
"전직 스포츠 강사 및 트레이너, 현재 구직중",8,8e-6
"전직 건물 도장공, 현재 구직중",8,8e-6
"전직 미장공, 현재 구직중",8,8e-6
"전직 전기제품 개발 기술자 및 연구원, 현재 구직중",8,8e-6
"전직 그 외 자동차 정비원, 현재 구직중",8,8e-6
"전직 문화 관광 및 숲·자연환경 해설사, 현재 구직중",8,8e-6
"전직 웹 기획자, 현재 구직중",8,8e-6
"전직 그 외 생명과학 시험원, 현재 구직중",8,8e-6
"전직 공군 부사관, 현재 구직중",8,8e-6
"전직 건축안전 기술자, 현재 구직중",8,8e-6
"전직 그 외 운송장비 정비원, 현재 구직중",8,8e-6
"전직 그 외 건설 관련 기능 종사원, 현재 구직중",8,8e-6
"전직 그 외 정보 통신기기 설치 및 수리원, 현재 구직중",7,7e-6
"전직 시민 단체 활동가, 현재 구직중",7,7e-6
"전직 유원시설 및 테마파크 서비스원, 현재 구직중",7,7e-6
"전직 그 외 컴퓨터 시스템 및 소프트웨어 전문가, 현재 구직중",7,7e-6
"전직 선박부원, 현재 구직중",7,7e-6
"전직 그 외 섬유 및 가죽 관련 기능 종사원, 현재 구직중",7,7e-6
"전직 영상·전자음향기기 설치 및 수리원, 현재 구직중",7,7e-6
"전직 건물 칸막이 설치원, 현재 구직중",7,7e-6
"전직 조미료 제분기 조작원, 현재 구직중",7,7e-6
"전직 드릴링기 및 보링기 조작원, 현재 구직중",7,7e-6
"전직 그 외 세탁 관련 기계 조작원, 현재 구직중",7,7e-6
"전직 새시 조립 및 설치원, 현재 구직중",7,7e-6
"전직 석유화학 시험원, 현재 구직중",7,7e-6
"전직 기계공학 시험원, 현재 구직중",7,7e-6
"전직 연삭기 및 연마기 조작원, 현재 구직중",7,7e-6
"전직 부동산 컨설턴트, 현재 구직중",7,7e-6
"전직 전시 및 시설 견학 안내원, 현재 구직중",7,7e-6
"전직 치료사 보조원, 현재 구직중",7,7e-6
"전직 그 외 타이어 및 고무제품 생산기 조작원, 현재 구직중",7,7e-6
"전직 국어 교사, 현재 구직중",7,7e-6
육묘작물 재배원,7,7e-6
"전직 곡물 및 사료 제분기 조작원, 현재 구직중",7,7e-6
"전직 유통 및 매장 감시원, 현재 구직중",7,7e-6
"전직 조명기사, 현재 구직중",7,7e-6
"전직 그 외 발전 및 배전장치 조작원, 현재 구직중",7,7e-6
"전직 제직기 조작원, 현재 구직중",7,7e-6
"전직 연예인 매니저, 현재 구직중",7,7e-6
"전직 플랜트 전기 설치원, 현재 구직중",7,7e-6
"전직 환경 검사원, 현재 구직중",7,7e-6
"전직 그 외 운송장비 조립원, 현재 구직중",7,7e-6
지방정부 고위 공무원,7,7e-6
"전직 조경감리 기술자, 현재 구직중",7,7e-6
정부행정 관리자,7,7e-6
"전직 시장 및 여론 조사 관리자, 현재 구직중",7,7e-6
"전직 해병대 부사관, 현재 구직중",7,7e-6
"전직 그 외 화학공학 기술자 및 연구원, 현재 구직중",7,7e-6
"전직 여행 사무원, 현재 구직중",7,7e-6
"전직 해군 장교, 현재 구직중",7,7e-6
"전직 그 외 상하수도 처리 장치 조작원, 현재 구직중",7,7e-6
지구 및 기상 과학 시험원,7,7e-6
"전직 직업 운동선수, 현재 구직중",7,7e-6
"전직 이용사, 현재 구직중",7,7e-6
생명 및 자연과학 연구 관리자,7,7e-6
"전직 인조석 설치원, 현재 구직중",7,7e-6
"전직 영상 및 음향장비 조립원, 현재 구직중",7,7e-6
"전직 해군 부사관, 현재 구직중",7,7e-6
국악인,7,7e-6
"전직 그 외 금속가공 기계 조작원, 현재 구직중",7,7e-6
"전직 단열공, 현재 구직중",7,7e-6
"전직 기계 경비원, 현재 구직중",7,7e-6
"전직 그 외 일반기계 조립원, 현재 구직중",7,7e-6
"전직 굴삭기 및 불도저 운전원, 현재 구직중",7,7e-6
항공기 객실 승무원,7,7e-6
"전직 화학제품 생산 관리자, 현재 구직중",7,7e-6
"전직 경호원, 현재 구직중",7,7e-6
"전직 교육 연구관 및 교육 연구사, 현재 구직중",7,7e-6
"전직 사서, 현재 구직중",7,7e-6
"전직 건축 석공, 현재 구직중",7,7e-6
"전직 비행기 조종사, 현재 구직중",6,6e-6
"전직 석유 및 천연가스 정제 장치 조작원, 현재 구직중",6,6e-6
"전직 의료과학 시험원, 현재 구직중",6,6e-6
"전직 그 외 유리 제조 및 가공기 조작원, 현재 구직중",6,6e-6
"전직 펄프 제조 장치 조작원, 현재 구직중",6,6e-6
"전직 굴착기·착암기 및 채광기 조작원, 현재 구직중",6,6e-6
"전직 경기 심판, 현재 구직중",6,6e-6
"전직 유리 관련 기능 종사원, 현재 구직중",6,6e-6
천문 및 우주 과학 시험원,6,6e-6
그 외 보일러 설치 및 정비원,6,6e-6
담배 등급원,6,6e-6
"전직 플랜트 배관공, 현재 구직중",6,6e-6
"전직 통신케이블 설치 및 수리원, 현재 구직중",6,6e-6
"전직 전자 제품 기계 설치 및 정비원, 현재 구직중",6,6e-6
채소작물 재배원,6,6e-6
"전직 도정기 조작원, 현재 구직중",6,6e-6
그 외 사진 인화 및 현상기 조작원,6,6e-6
"전직 출판물 편집자, 현재 구직중",6,6e-6
모델,6,6e-6
그 외 낙농업 관련 종사원,6,6e-6
생활용품 대여원,6,6e-6
"전직 그 외 재활용 처리 및 소각로 조작원, 현재 구직중",6,6e-6
"전직 가스 및 에너지 시험원, 현재 구직중",6,6e-6
"전직 시각장애인 특수교육 교사, 현재 구직중",6,6e-6
"전직 구두 미화원, 현재 구직중",6,6e-6
"전직 감시카메라 설치 및 수리원, 현재 구직중",6,6e-6
영사기사,6,6e-6
"전직 선박교통 관제사, 현재 구직중",6,6e-6
"전직 형틀 목공, 현재 구직중",6,6e-6
"전직 그 외 건축 관련 기술자, 현재 구직중",6,6e-6
"전직 도로포장기 및 롤러 운전원, 현재 구직중",6,6e-6
"전직 초등학교 교사, 현재 구직중",6,6e-6
"전직 작업치료사, 현재 구직중",6,6e-6
"전직 교육 분야 교수, 현재 구직중",6,6e-6
"전직 물리치료사, 현재 구직중",6,6e-6
"전직 그 외 고객 상담 사무원, 현재 구직중",6,6e-6
"전직 그 외 플라스틱제품 생산기 조작원, 현재 구직중",6,6e-6
"전직 단조원, 현재 구직중",6,6e-6
"전직 그 외 판매 및 고객 서비스 관리자, 현재 구직중",6,6e-6
"전직 시추장비 조작원, 현재 구직중",6,6e-6
"전직 그 외 법률 전문가, 현재 구직중",6,6e-6
"전직 그 외 마케팅 및 광고·홍보 관리자, 현재 구직중",6,6e-6
"전직 그 외 목재 및 종이 관련 기계 조작원, 현재 구직중",6,6e-6
가금 사육자,6,6e-6
스크립터,6,6e-6
"전직 가스·에너지 기술자 및 연구원, 현재 구직중",6,6e-6
"전직 대여 제품 방문 점검원, 현재 구직중",6,6e-6
"전직 수날염원, 현재 구직중",6,6e-6
그 외 양식원,6,6e-6
의복 재단사,6,6e-6
"전직 수의사, 현재 구직중",6,6e-6
"전직 사진작가, 현재 구직중",6,6e-6
"전직 멀티미디어 디자이너, 현재 구직중",6,6e-6
"전직 건축자재 영업원, 현재 구직중",6,6e-6
주차 단속원,6,6e-6
"전직 유리 부착원, 현재 구직중",6,6e-6
"전직 예체능 교사, 현재 구직중",6,6e-6
"전직 측량 및 지리 정보 기술자, 현재 구직중",6,6e-6
아나운서,5,4.9999999999999996e-6
"전직 그 외 식품가공 관련 기계 조작원, 현재 구직중",5,4.9999999999999996e-6
선박 객실 승무원,5,4.9999999999999996e-6
신발 재봉사,5,4.9999999999999996e-6
"전직 주형원, 현재 구직중",5,4.9999999999999996e-6
"전직 전기기기 설치 및 정비원, 현재 구직중",5,4.9999999999999996e-6
"전직 드라이클리닝기 조작원, 현재 구직중",5,4.9999999999999996e-6
"전직 공군 병사, 현재 구직중",5,4.9999999999999996e-6
"전직 이동전화기 수리원, 현재 구직중",5,4.9999999999999996e-6
"전직 반려동물 미용사, 현재 구직중",5,4.9999999999999996e-6
"전직 헤드헌터, 현재 구직중",5,4.9999999999999996e-6
"전직 그 외 조경 관련 기술자, 현재 구직중",5,4.9999999999999996e-6
"전직 철도차량 조립원, 현재 구직중",5,4.9999999999999996e-6
"전직 밑반찬 제조 종사원, 현재 구직중",5,4.9999999999999996e-6
"전직 그 외 피부 및 체형 관리 종사원, 현재 구직중",5,4.9999999999999996e-6
"전직 냉동 및 냉장기 설비 조작원, 현재 구직중",5,4.9999999999999996e-6
"전직 인쇄 필름 출력원, 현재 구직중",5,4.9999999999999996e-6
"전직 자동차 차체 부품 조립원, 현재 구직중",5,4.9999999999999996e-6
"전직 사회 교사, 현재 구직중",5,4.9999999999999996e-6
"전직 토목감리 기술자, 현재 구직중",5,4.9999999999999996e-6
"전직 그 외 중·고등학교 교사, 현재 구직중",5,4.9999999999999996e-6
"전직 건물용 보일러 설치 및 정비원, 현재 구직중",5,4.9999999999999996e-6
"전직 송배전설비 기술자 및 연구원, 현재 구직중",5,4.9999999999999996e-6
"전직 전기 도금기 조작원, 현재 구직중",5,4.9999999999999996e-6
"전직 서적·문구 및 음반 판매원, 현재 구직중",5,4.9999999999999996e-6
"전직 주조기 조작원, 현재 구직중",5,4.9999999999999996e-6
안무가,5,4.9999999999999996e-6
"전직 만화영화 작가, 현재 구직중",5,4.9999999999999996e-6
"전직 금속제품 생산 관리자, 현재 구직중",5,4.9999999999999996e-6
"전직 전기 부품 제조 기계 조작원, 현재 구직중",5,4.9999999999999996e-6
"전직 스포츠 매니저, 현재 구직중",5,4.9999999999999996e-6
"전직 건물 해체원, 현재 구직중",5,4.9999999999999996e-6
"전직 그 외 목재가공 관련 기계 조작원, 현재 구직중",5,4.9999999999999996e-6
"전직 입장권 판매원, 현재 구직중",5,4.9999999999999996e-6
공연·전시 예술 관련 관리자,5,4.9999999999999996e-6
"전직 분양 및 임대 사무원, 현재 구직중",5,4.9999999999999996e-6
"전직 발전터빈 조작원, 현재 구직중",5,4.9999999999999996e-6
"전직 시멘트공학 시험원, 현재 구직중",5,4.9999999999999996e-6
해녀,5,4.9999999999999996e-6
"전직 교육 분야 시간강사, 현재 구직중",5,4.9999999999999996e-6
"전직 콘크리트패널 조립원, 현재 구직중",5,4.9999999999999996e-6
"전직 통신장비 기술자 및 연구원, 현재 구직중",5,4.9999999999999996e-6
"전직 거리 미화원, 현재 구직중",5,4.9999999999999996e-6
성우,5,4.9999999999999996e-6
"전직 도배공, 현재 구직중",5,4.9999999999999996e-6
"전직 금속 분무기 조작원, 현재 구직중",5,4.9999999999999996e-6
"전직 카지노 딜러, 현재 구직중",4,4e-6
"전직 출판물 기획자, 현재 구직중",4,4e-6
"전직 직업상담사, 현재 구직중",4,4e-6
"전직 제관기 조작원, 현재 구직중",4,4e-6
"전직 고속철 기관차 정비원, 현재 구직중",4,4e-6
"전직 축산 및 수의학 연구원, 현재 구직중",4,4e-6
"전직 사회과학·경영 및 법학 교수, 현재 구직중",4,4e-6
"전직 해병대 장교, 현재 구직중",4,4e-6
"전직 그라비어인쇄기 조작원, 현재 구직중",4,4e-6
"전직 날염기 조작원, 현재 구직중",4,4e-6
"전직 대학 교육 조교, 현재 구직중",4,4e-6
"전직 비행기 정비원, 현재 구직중",4,4e-6
"전직 조적공, 현재 구직중",4,4e-6
"전직 치과 일반 의사, 현재 구직중",4,4e-6
"전직 광학기구 수리원, 현재 구직중",4,4e-6
"전직 그 외 사회복지 관련 종사원, 현재 구직중",4,4e-6
"전직 헬리콥터 정비원, 현재 구직중",4,4e-6
"전직 그 외 물품 이동 장비 설치 및 정비원, 현재 구직중",4,4e-6
"전직 장례 상담원, 현재 구직중",4,4e-6
"전직 방송 및 시나리오 작가, 현재 구직중",4,4e-6
"전직 농림·수산업 및 수의학 교수, 현재 구직중",4,4e-6
"전직 요업·세라믹공학 기술자 및 연구원, 현재 구직중",4,4e-6
"전직 전통 건물 건축원, 현재 구직중",4,4e-6
"전직 공작기계 설치 및 정비원, 현재 구직중",4,4e-6
"전직 대학교 총장 및 대학 학장, 현재 구직중",4,4e-6
"전직 치과기공사, 현재 구직중",4,4e-6
"전직 석재 부설원, 현재 구직중",4,4e-6
"전직 육상운송 관련 관리자, 현재 구직중",4,4e-6
"전직 고무제품 생산기 조작원, 현재 구직중",4,4e-6
"전직 그 외 특수교육 교사, 현재 구직중",4,4e-6
"전직 합판생산기 조작원, 현재 구직중",4,4e-6
"전직 항공기 배관공, 현재 구직중",4,4e-6
"전직 철로 보수원, 현재 구직중",4,4e-6
"전직 일반 의사, 현재 구직중",4,4e-6
산부인과 전문 의사,4,4e-6
"전직 그 외 교육 관련 관리자, 현재 구직중",4,4e-6
"전직 보건 위생 검사원, 현재 구직중",4,4e-6
"전직 전기 및 전자 장비 제도사, 현재 구직중",4,4e-6
"전직 섬유공학 시험원, 현재 구직중",4,4e-6
"전직 전기공학 시험원, 현재 구직중",4,4e-6
"전직 공구 조립원, 현재 구직중",4,4e-6
"전직 자동차 도장 정비원, 현재 구직중",4,4e-6
"전직 그 외 경영 및 진단 전문가, 현재 구직중",4,4e-6
"전직 광원, 현재 구직중",4,4e-6
"전직 그 외 자동차 부품 조립원, 현재 구직중",4,4e-6
"전직 음식 서비스 관련 관리자, 현재 구직중",4,4e-6
"전직 항공기·철도 차량 공학 기술자 및 연구원, 현재 구직중",4,4e-6
"전직 손톱 관리사, 현재 구직중",4,4e-6
"전직 전자 의료기기 개발 기술자 및 연구원, 현재 구직중",4,4e-6
"전직 금융 관리자, 현재 구직중",4,4e-6
"전직 항공기 조립원, 현재 구직중",4,4e-6
"전직 보험 관리자, 현재 구직중",4,4e-6
관세사,4,4e-6
"전직 외장 목공, 현재 구직중",4,4e-6
"전직 인터넷케이블 설치 및 수리원, 현재 구직중",4,4e-6
"전직 유치원 원장, 현재 구직중",4,4e-6
그 외 배관 세정원 및 방역원,4,4e-6
"전직 광고 및 홍보 관리자, 현재 구직중",4,4e-6
"전직 염색 조색 및 배합기 조작원, 현재 구직중",4,4e-6
모피 및 가죽 의복 제조원,4,4e-6
"전직 가정용 전기 및 전자제품 조립원, 현재 구직중",4,4e-6
"전직 수질 환경 기술자 및 연구원, 현재 구직중",4,4e-6
"전직 해군 병사, 현재 구직중",4,4e-6
"전직 목사, 현재 구직중",4,4e-6
"전직 방역원, 현재 구직중",4,4e-6
"전직 농업용 기계 설치 및 정비원, 현재 구직중",3,3e-6
"전직 비료 생산기 조작원, 현재 구직중",3,3e-6
"전직 그 외 금속 및 재료 공학 시험원, 현재 구직중",3,3e-6
"전직 그 외 표백 및 염색 관련 기계 조작원, 현재 구직중",3,3e-6
"전직 인화지 제조기 조작원, 현재 구직중",3,3e-6
"전직 문화재 보존원, 현재 구직중",3,3e-6
"전직 수동 상표 부착원, 현재 구직중",3,3e-6
"전직 생물학 시험원, 현재 구직중",3,3e-6
"전직 도축원, 현재 구직중",3,3e-6
"전직 콘크리트제품 제조 관련 조작원, 현재 구직중",3,3e-6
"전직 한약사, 현재 구직중",3,3e-6
"전직 과실 및 채소 가공 관련 기계 조작원, 현재 구직중",3,3e-6
"전직 신용 추심원, 현재 구직중",3,3e-6
사회과학 연구 관리자,3,3e-6
"전직 임학 연구원, 현재 구직중",3,3e-6
"전직 신부, 현재 구직중",3,3e-6
"전직 그 외 금속가공 관련 제어 장치 조작원, 현재 구직중",3,3e-6
"전직 보험 인수 심사원, 현재 구직중",3,3e-6
"전직 구두 수선원, 현재 구직중",3,3e-6
"전직 재활용 처리 기계 조작원, 현재 구직중",3,3e-6
"전직 그 외 수제 식품 제조 종사원, 현재 구직중",3,3e-6
농림·수산업 및 수의학 시간강사,3,3e-6
"전직 카펫 및 가발 제조원, 현재 구직중",3,3e-6
"전직 그 외 직조기 및 편직기 조작원, 현재 구직중",3,3e-6
"전직 압출기 조작원, 현재 구직중",3,3e-6
"전직 청각장애인 특수교육 교사, 현재 구직중",3,3e-6
"전직 섬유 및 펠트 관련 선별원, 현재 구직중",3,3e-6
"전직 선박 조립원, 현재 구직중",3,3e-6
"전직 자연과학·수학 및 통계학 시간강사, 현재 구직중",3,3e-6
"전직 귀금속 세공원, 현재 구직중",3,3e-6
"전직 보험 상품 개발자, 현재 구직중",3,3e-6
"전직 대기 환경 기술자 및 연구원, 현재 구직중",3,3e-6
"전직 지구 및 기상 과학 연구원, 현재 구직중",3,3e-6
"전직 노무사, 현재 구직중",3,3e-6
모자 제조원,3,3e-6
"전직 그 외 종이제품 생산기 조작원, 현재 구직중",3,3e-6
"전직 그 외 금융 사무원, 현재 구직중",3,3e-6
"전직 제재기 조작원, 현재 구직중",3,3e-6
도선사,3,3e-6
"전직 식품기계 설치 및 정비원, 현재 구직중",3,3e-6
"전직 출납 창구 사무원, 현재 구직중",3,3e-6
"전직 공동주택 관리자, 현재 구직중",3,3e-6
"전직 환경 감시원, 현재 구직중",3,3e-6
"전직 액세서리 디자이너, 현재 구직중",3,3e-6
"전직 소음 진동 기술자 및 연구원, 현재 구직중",3,3e-6
"전직 그 외 스포츠 및 레크리에이션 관련 전문가, 현재 구직중",3,3e-6
"전직 방사선사, 현재 구직중",3,3e-6
"전직 여객차 및 화차 정비원, 현재 구직중",3,3e-6
"전직 시계 및 카메라 수리원, 현재 구직중",3,3e-6
"전직 도로정지기 운전원, 현재 구직중",3,3e-6
"전직 수의사 보조원, 현재 구직중",3,3e-6
"전직 콘크리트 타설원, 현재 구직중",3,3e-6
"전직 수질 환경 시험원, 현재 구직중",3,3e-6
"전직 사진 인화 및 현상기 조작원, 현재 구직중",3,3e-6
"전직 예술 및 인문학 교수, 현재 구직중",3,3e-6
"전직 유리 제조 및 제품 가공기 조작원, 현재 구직중",3,3e-6
"전직 과학 교사, 현재 구직중",3,3e-6
"전직 송배전설비 전기원, 현재 구직중",3,3e-6
"전직 그 외 자연과학 시험원, 현재 구직중",3,3e-6
"전직 소음 진동 시험원, 현재 구직중",3,3e-6
"전직 국수 및 면류 제품 기계 조작원, 현재 구직중",3,3e-6
"전직 보험 심사원, 현재 구직중",3,3e-6
"전직 신발 및 구두 재단사, 현재 구직중",3,3e-6
"전직 그 외 곡물가공 제품 기계 조작원, 현재 구직중",3,3e-6
"전직 승려, 현재 구직중",3,3e-6
"전직 그 외 목제품 제조 관련 종사원, 현재 구직중",3,3e-6
그 외 사육 관련 종사원,3,3e-6
"전직 책 디자이너, 현재 구직중",3,3e-6
"전직 화장품·비누제품 기술자 및 연구원, 현재 구직중",3,3e-6
"전직 공학·제조 및 건설 분야 시간강사, 현재 구직중",3,3e-6
"전직 석 공예원, 현재 구직중",3,3e-6
"전직 웹 디자이너, 현재 구직중",3,3e-6
"전직 가죽 및 모피 수선원, 현재 구직중",3,3e-6
그 외 자연과학 연구원,3,3e-6
"전직 위생용 종이제품 제조기 조작원, 현재 구직중",3,3e-6
"전직 위성방송 안테나 설치 및 수리원, 현재 구직중",3,3e-6
"전직 그 외 언론 관련 전문가, 현재 구직중",3,3e-6
"전직 문학작가, 현재 구직중",3,3e-6
"전직 유지 제조기 조작원, 현재 구직중",3,3e-6
"전직 채석원, 현재 구직중",3,3e-6
"전직 그 외 종교 관련 종사원, 현재 구직중",3,3e-6
"전직 항해사, 현재 구직중",3,3e-6
"전직 그 외 음료 제조 관련 기계 조작원, 현재 구직중",3,3e-6
"전직 수상운송 사무원, 현재 구직중",3,3e-6
"전직 증권 중개인, 현재 구직중",3,3e-6
"전직 방송 및 영화연출 보조원, 현재 구직중",3,3e-6
"전직 임업 단순 종사원, 현재 구직중",3,3e-6
"전직 손해 사정사, 현재 구직중",3,3e-6
"전직 디지털인쇄기 조작원, 현재 구직중",3,3e-6
"전직 그 외 채굴 및 토목 관련 종사원, 현재 구직중",3,3e-6
"전직 소방 공사 감리 기술자 및 연구원, 현재 구직중",3,3e-6
"전직 정보 통신기술 분야 교수, 현재 구직중",3,3e-6
"전직 압연기 조작원, 현재 구직중",3,3e-6
"전직 토목안전 기술자, 현재 구직중",3,3e-6
"전직 타이어 생산기 조작원, 현재 구직중",3,3e-6
국악 연주가,3,3e-6
"전직 플라스틱 압출기 조작원, 현재 구직중",3,3e-6
"전직 의료 서비스 상담 종사원, 현재 구직중",3,3e-6
"전직 돼지 사육자, 현재 구직중",3,3e-6
"전직 개인 생활 서비스 종사원, 현재 구직중",3,3e-6
"전직 비상 발전기 설치 및 정비원, 현재 구직중",3,3e-6
"전직 그 외 점토제품 생산기 조작원, 현재 구직중",3,3e-6
"전직 세제 생산기 조작원, 현재 구직중",3,3e-6
"전직 정당 및 특수 단체 임원, 현재 구직중",3,3e-6
사무용품 대여원,3,3e-6
"전직 영상·녹화 및 편집 기사, 현재 구직중",3,3e-6
"전직 그 외 시멘트 및 광물제품 제조기 조작원, 현재 구직중",3,3e-6
"전직 그 외 선박 관련 승무원, 현재 구직중",3,3e-6
"전직 그 외 전문 서비스 관리자, 현재 구직중",3,3e-6
"전직 공조기설비 조작원, 현재 구직중",3,3e-6
"전직 예술 및 인문학 시간강사, 현재 구직중",3,3e-6
"전직 외환 딜러, 현재 구직중",2,2e-6
원근해 어부,2,2e-6
"전직 인발기 조작원, 현재 구직중",2,2e-6
"전직 건설기계 조립원, 현재 구직중",2,2e-6
"전직 종이상자 및 봉투 제조기 조작원, 현재 구직중",2,2e-6
"전직 폐기물 처리 시험원, 현재 구직중",2,2e-6
"전직 방문 판매원, 현재 구직중",2,2e-6
"전직 생물학 연구원, 현재 구직중",2,2e-6
"전직 내과 전문 의사, 현재 구직중",2,2e-6
"전직 화장품 및 비누제품 시험원, 현재 구직중",2,2e-6
"전직 수리 및 정비 관련 관리자, 현재 구직중",2,2e-6
"전직 펌프 장치 조작원, 현재 구직중",2,2e-6
"전직 가구 판매원, 현재 구직중",2,2e-6
"전직 대학 행정조교, 현재 구직중",2,2e-6
"전직 하수 처리 장치 조작원, 현재 구직중",2,2e-6
"전직 체형 관리사, 현재 구직중",2,2e-6
"전직 가구 디자이너, 현재 구직중",2,2e-6
"전직 그 외 화학공학 시험원, 현재 구직중",2,2e-6
"전직 수력발전장치 운전원, 현재 구직중",2,2e-6
"전직 단조기 조작원, 현재 구직중",2,2e-6
"전직 항공교통 관제사, 현재 구직중",2,2e-6
"전직 그 외 사진 인화 및 현상기 조작원, 현재 구직중",2,2e-6
"전직 이벤트 전문가, 현재 구직중",2,2e-6
"전직 항공기 객실 승무원, 현재 구직중",2,2e-6
"전직 그 외 제품 생산 관련 관리자, 현재 구직중",2,2e-6
"전직 건물 수리원, 현재 구직중",2,2e-6
"전직 건강식품 가공기 조작원, 현재 구직중",2,2e-6
"전직 그 외 연극·영화 및 영상 관련 종사원, 현재 구직중",2,2e-6
"전직 무역 관련 관리자, 현재 구직중",2,2e-6
"전직 자동차 전기 및 전자 정비원, 현재 구직중",2,2e-6
"전직 피부 관리사, 현재 구직중",2,2e-6
"전직 항타기 운전원, 현재 구직중",2,2e-6
"전직 호이스트 운전원, 현재 구직중",2,2e-6
내수면 어부,2,2e-6
"전직 그 외 작가, 현재 구직중",2,2e-6
"전직 그 외 자산 운용가, 현재 구직중",2,2e-6
"전직 그 외 감독 및 연출가, 현재 구직중",2,2e-6
"전직 목 공예원, 현재 구직중",2,2e-6
"전직 자동차 섀시 정비원, 현재 구직중",2,2e-6
"전직 조경원, 현재 구직중",2,2e-6
"전직 그 외 조적공 및 석재 부설원, 현재 구직중",2,2e-6
"전직 디자인 관련 관리자, 현재 구직중",2,2e-6
"전직 식품 생산 관리자, 현재 구직중",2,2e-6
숙박 관련 관리자,2,2e-6
"전직 금속 주입원, 현재 구직중",2,2e-6
"전직 악기 제조 및 수리원, 현재 구직중",2,2e-6
항공권 판매원,2,2e-6
"전직 노래방 서비스원, 현재 구직중",2,2e-6
"전직 항공기 전기 설치원, 현재 구직중",2,2e-6
"전직 오락 및 스포츠용품 대여원, 현재 구직중",2,2e-6
"전직 젖소 사육자, 현재 구직중",2,2e-6
"전직 그 외 전기 및 전자설비 조작원, 현재 구직중",2,2e-6
"전직 어업 시험원, 현재 구직중",2,2e-6
"전직 제책 및 재단용 기계 조작원, 현재 구직중",2,2e-6
"전직 개그맨 및 코미디언, 현재 구직중",2,2e-6
"전직 천문 및 우주 과학 시험원, 현재 구직중",2,2e-6
"전직 통신 관리자, 현재 구직중",2,2e-6
"전직 지휘자, 현재 구직중",2,2e-6
"전직 디스플레이 디자이너, 현재 구직중",2,2e-6
"전직 스포츠 코치, 현재 구직중",2,2e-6
"전직 조경 계획 및 설계 기술자, 현재 구직중",2,2e-6
그 외 가축 사육 종사원,2,2e-6
"전직 크레인 설치 및 정비원, 현재 구직중",2,2e-6
"전직 가구 수리원, 현재 구직중",2,2e-6
"전직 호이스트 설치 및 정비원, 현재 구직중",2,2e-6
"전직 도자기제품 생산기 조작원, 현재 구직중",2,2e-6
"전직 음향 및 녹음 기사, 현재 구직중",2,2e-6
"전직 그 외 식문화 관련 전문가, 현재 구직중",2,2e-6
"전직 그 외 비금속제품 관련 생산기 조작원, 현재 구직중",2,2e-6
"전직 그 외 석유 및 화학물 가공 장치 조작원, 현재 구직중",2,2e-6
"전직 주방장, 현재 구직중",2,2e-6
"전직 식품공학 시험원, 현재 구직중",2,2e-6
"전직 행사 전시 기획자, 현재 구직중",2,2e-6
"전직 그 외 아나운서 및 리포터, 현재 구직중",2,2e-6
"전직 인력 공급 및 알선 서비스 관리자, 현재 구직중",2,2e-6
"전직 메이크업 아티스트, 현재 구직중",2,2e-6
"전직 점술가, 현재 구직중",2,2e-6
"전직 플라스틱제품 조립원, 현재 구직중",2,2e-6
"전직 의료기기 설치 및 수리원, 현재 구직중",2,2e-6
"전직 촬영기사, 현재 구직중",2,2e-6
"전직 경인쇄기 조작원, 현재 구직중",2,2e-6
"전직 사회과학·경영 및 법학 시간강사, 현재 구직중",2,2e-6
"전직 치과 전문 의사, 현재 구직중",2,2e-6
"전직 전통차 조리사, 현재 구직중",2,2e-6
"전직 전자 및 정밀 기구 조립원, 현재 구직중",2,2e-6
"전직 그 외 환경공학 관련 시험원, 현재 구직중",2,2e-6
"전직 가스 관련 관리자, 현재 구직중",2,2e-6
"전직 요업 및 세라믹 공학 시험원, 현재 구직중",2,2e-6
"전직 색채 전문가, 현재 구직중",2,2e-6
"전직 보건 및 복지 교수, 현재 구직중",2,2e-6
"전직 기술 감독, 현재 구직중",2,2e-6
"전직 민속신앙 관련 종사원, 현재 구직중",2,2e-6
"전직 렌터카 운전원, 현재 구직중",2,2e-6
"전직 기업 인수 및 합병 전문가, 현재 구직중",2,2e-6
"전직 체육 및 그 외 분야 교수, 현재 구직중",2,2e-6
"전직 필름 생산기 조작원, 현재 구직중",2,2e-6
"전직 소년원 학교 교사, 현재 구직중",2,2e-6
"전직 사용자 경험 및 인터페이스 디자이너, 현재 구직중",2,2e-6
"전직 마루 설치원, 현재 구직중",2,2e-6
국회의원,2,2e-6
"전직 중앙정부 고위 공무원, 현재 구직중",2,2e-6
"전직 보석 세공원, 현재 구직중",2,2e-6
"전직 컴퓨터 하드웨어 개발 관리자, 현재 구직중",2,2e-6
"전직 컴퓨터 운영 관리자, 현재 구직중",2,2e-6
어패류 양식원,2,2e-6
"전직 철도 기관차 정비원, 현재 구직중",2,2e-6
"전직 체육 및 그 외 분야 시간강사, 현재 구직중",2,2e-6
"전직 편직기 조작원, 현재 구직중",2,2e-6
"전직 조미 식품 생산기 조작원, 현재 구직중",2,2e-6
"전직 소각로 조작원, 현재 구직중",2,2e-6
"전직 그 외 귀금속 및 보석 세공원, 현재 구직중",2,2e-6
"전직 석제품 가공기 조작원, 현재 구직중",2,2e-6
육우 사육자,2,2e-6
"전직 그 외 인문과학 연구원, 현재 구직중",2,2e-6
"전직 선박 기관사, 현재 구직중",2,2e-6
"전직 그 외 토목 관련 기술자, 현재 구직중",2,2e-6
"전직 정치학 연구원, 현재 구직중",2,2e-6
"전직 심리학 연구원, 현재 구직중",2,2e-6
"전직 법률 관리자, 현재 구직중",2,2e-6
"전직 그 외 금융 및 보험 관련 전문가, 현재 구직중",2,2e-6
"전직 그 외 공예원, 현재 구직중",2,2e-6
"전직 피부과 및 비뇨기과 전문 의사, 현재 구직중",2,2e-6
"전직 그 외 생명과학 연구원, 현재 구직중",2,2e-6
"전직 수산학 연구원, 현재 구직중",2,2e-6
"전직 자동차 조립원, 현재 구직중",2,2e-6
"전직 자연과학·수학 및 통계학 교수, 현재 구직중",1,1e-6
"전직 여행 상품 개발자, 현재 구직중",1,1e-6
"전직 원유 처리 장치 조작원, 현재 구직중",1,1e-6
"전직 그 외 재단사, 현재 구직중",1,1e-6
"전직 그 외 정보 통신 관련 관리자, 현재 구직중",1,1e-6
"전직 산부인과 전문 의사, 현재 구직중",1,1e-6
"전직 해상운송 관련 관리자, 현재 구직중",1,1e-6
"전직 토양 환경 시험원, 현재 구직중",1,1e-6
"전직 조경 관련 관리자, 현재 구직중",1,1e-6
"전직 활자 디자이너, 현재 구직중",1,1e-6
"전직 중·고등학교 교장 및 교감, 현재 구직중",1,1e-6
"전직 혼례 종사원, 현재 구직중",1,1e-6
"전직 자동차 판금 정비원, 현재 구직중",1,1e-6
"전직 모피 및 가죽 의복 제조원, 현재 구직중",1,1e-6
"전직 전문 한의사, 현재 구직중",1,1e-6
"전직 만화가, 현재 구직중",1,1e-6
"전직 환경 영향 평가원, 현재 구직중",1,1e-6
"전직 사회복지 관련 관리자, 현재 구직중",1,1e-6
"전직 신용 분석가, 현재 구직중",1,1e-6
리포터,1,1e-6
"전직 공장 전기 및 전자설비 조작원, 현재 구직중",1,1e-6
"전직 일반 한의사, 현재 구직중",1,1e-6
"전직 종이 제조 장치 조작원, 현재 구직중",1,1e-6
"전직 반려동물 훈련사, 현재 구직중",1,1e-6
"전직 선박 객실 승무원, 현재 구직중",1,1e-6
"전직 공학 연구 관리자, 현재 구직중",1,1e-6
"전직 그 외 숙박시설 서비스원, 현재 구직중",1,1e-6
"전직 가죽 패턴사, 현재 구직중",1,1e-6
"전직 교통영향 평가원, 현재 구직중",1,1e-6
"전직 보도블록 설치원, 현재 구직중",1,1e-6
"전직 비알코올성 음료 제조기 조작원, 현재 구직중",1,1e-6
"전직 건설자재 시험원, 현재 구직중",1,1e-6
"전직 공공 기관 임원, 현재 구직중",1,1e-6
"전직 직물 디자이너, 현재 구직중",1,1e-6
"전직 화훼작물 재배원, 현재 구직중",1,1e-6
"전직 삽화가, 현재 구직중",1,1e-6
"전직 의학 연구원, 현재 구직중",1,1e-6
"전직 기록물 관리사, 현재 구직중",1,1e-6
"전직 건축가, 현재 구직중",1,1e-6
"전직 기계제품 생산 관리자, 현재 구직중",1,1e-6
"전직 섬유 제조 기계 조작원, 현재 구직중",1,1e-6
"전직 섬유기계 설치 및 정비원, 현재 구직중",1,1e-6
젖소 사육자,1,1e-6
"전직 내수면 어부, 현재 구직중",1,1e-6
동물 부화원,1,1e-6
"전직 조선공학 기술자 및 연구원, 현재 구직중",1,1e-6
"전직 부동산 및 임대업 관리자, 현재 구직중",1,1e-6
"전직 그 외 매표원 및 복권 판매원, 현재 구직중",1,1e-6
"전직 한복 제조원, 현재 구직중",1,1e-6
"전직 그 외 도장기 조작원, 현재 구직중",1,1e-6
"전직 언론학 연구원, 현재 구직중",1,1e-6
"전직 판사, 현재 구직중",1,1e-6
"전직 그 외 시각 및 공연 예술가, 현재 구직중",1,1e-6
"전직 토목구조 설계 기술자, 현재 구직중",1,1e-6
"전직 건설기계공학 기술자 및 연구원, 현재 구직중",1,1e-6
"전직 사무용품 대여원, 현재 구직중",1,1e-6
"전직 전동차 정비원, 현재 구직중",1,1e-6
"전직 로봇공학 시험원, 현재 구직중",1,1e-6
"전직 천일염 생산 종사원, 현재 구직중",1,1e-6
"전직 농업기계 조립원, 현재 구직중",1,1e-6
"전직 주차 안내원, 현재 구직중",1,1e-6
"전직 그 외 수선원, 현재 구직중",1,1e-6
"전직 포장 디자이너, 현재 구직중",1,1e-6
"전직 동물 부화원, 현재 구직중",1,1e-6
"전직 판지 라이닝기 조작원, 현재 구직중",1,1e-6
"전직 여행 관련 관리자, 현재 구직중",1,1e-6
판촉원,1,1e-6
"전직 오프셋인쇄기 조작원, 현재 구직중",1,1e-6
"전직 정부행정 전문가, 현재 구직중",1,1e-6
"전직 고무제품 조립원, 현재 구직중",1,1e-6
"전직 학예사, 현재 구직중",1,1e-6
"전직 화력발전장치 운전원, 현재 구직중",1,1e-6
"전직 주차 단속원, 현재 구직중",1,1e-6
해조류 양식원,1,1e-6
"전직 전도사, 현재 구직중",1,1e-6
"전직 비파괴 검사원, 현재 구직중",1,1e-6
"전직 지리 정보 시스템 전문가, 현재 구직중",1,1e-6
"전직 지중 전력설비 전기원, 현재 구직중",1,1e-6
"전직 방송케이블 설치 및 수리원, 현재 구직중",1,1e-6
"전직 목형원, 현재 구직중",1,1e-6
"전직 광석 및 금속용광로 조작원, 현재 구직중",1,1e-6
"전직 선박 배관공, 현재 구직중",1,1e-6
"전직 방재 기술자 및 연구원, 현재 구직중",1,1e-6
"전직 건축구조 기술자, 현재 구직중",1,1e-6
"전직 영상의학과 및 병리과 전문 의사, 현재 구직중",1,1e-6
"전직 인류학 연구원, 현재 구직중",1,1e-6
"전직 임상심리사, 현재 구직중",1,1e-6
"전직 자동차 튜닝원, 현재 구직중",1,1e-6
"전직 조명 기구 설치 및 수리원, 현재 구직중",1,1e-6
"전직 국악 연주가, 현재 구직중",1,1e-6
"전직 그 외 오락시설 서비스원, 현재 구직중",1,1e-6
"전직 광업용 기계 설치 및 정비원, 현재 구직중",1,1e-6
"전직 토양 환경 기술자 및 연구원, 현재 구직중",1,1e-6
"전직 지도 제작 기술자, 현재 구직중",1,1e-6
"전직 교육학 연구원, 현재 구직중",1,1e-6
"전직 소아청소년과 전문 의사, 현재 구직중",1,1e-6
"전직 지게차 정비원, 현재 구직중",1,1e-6
"전직 고무 및 플라스틱 시험원, 현재 구직중",1,1e-6
"전직 광석 및 석재 가공장치 조작원, 현재 구직중",1,1e-6
"전직 정수 처리 장치 조작원, 현재 구직중",1,1e-6
"전직 자재 및 구매 관리자, 현재 구직중",1,1e-6
"전직 물리학 연구원, 현재 구직중",1,1e-6
"전직 수학 교사, 현재 구직중",1,1e-6
"전직 그 외 배관공, 현재 구직중",1,1e-6
"전직 선장, 현재 구직중",1,1e-6
"전직 전자공학 시험원, 현재 구직중",1,1e-6
"전직 신발 제조기 조작원 및 조립원, 현재 구직중",1,1e-6
"전직 배우, 현재 구직중",1,1e-6
"전직 목재처리기 조작원, 현재 구직중",1,1e-6
"전직 방송·출판 및 영상 관련 관리자, 현재 구직중",1,1e-6
"전직 외과 전문 의사, 현재 구직중",1,1e-6
"전직 경찰 관리자, 현재 구직중",1,1e-6
복권 및 마권 판매원,1,1e-6
"전직 원자력발전장치 운전원, 현재 구직중",1,1e-6
"전직 점화·발파 및 화약 관리원, 현재 구직중",1,1e-6
"전직 소방 관리자, 현재 구직중",1,1e-6
"전직 지구 및 기상 과학 시험원, 현재 구직중",1,1e-6
"전직 결혼상담원, 현재 구직중",1,1e-6
"전직 도시 계획 및 설계가, 현재 구직중",1,1e-6
"전직 임상병리사, 현재 구직중",1,1e-6
"전직 무대의상 관리원, 현재 구직중",1,1e-6
"전직 그 외 연구 관리자, 현재 구직중",1,1e-6
"전직 양장 제조원, 현재 구직중",1,1e-6
"전직 콘크리트 믹서 트럭 운전원, 현재 구직중",1,1e-6
"전직 벽돌 및 타일 생산기 조작원, 현재 구직중",1,1e-6
"전직 집행관, 현재 구직중",1,1e-6
"전직 공업기계 조립원, 현재 구직중",1,1e-6
"전직 낙농품가공 기계 조작원, 현재 구직중",1,1e-6
"전직 수도 관련 관리자, 현재 구직중",1,1e-6
